,星期一,星期二,星期三,星期四,星期五,major
0,"[S資訊管理大樓],[0-5分鐘],","[EE綜合教學大樓],[0-5分鐘],,[S資訊管理大樓],[0-5分鐘],","[EE綜合教學大樓],[5-10分鐘],","[S資訊管理大樓],[0-5分鐘],","[S資訊管理大樓],[0-5分鐘],",資訊學院
1,"[AA科技大樓],[0-5分鐘],","[S資訊管理大樓],[0-5分鐘],","[不在學校],","[不在學校],","[不在學校],",資訊學院
2,"[不在學校],","[不在學校],","[不在學校],","[不在學校],","[不在學校],,",資訊學院
0,"[體育一館],[0-5分鐘],","[S資訊管理大樓],[0-5分鐘],","[體育一館],[0-5分鐘],","[S資訊管理大樓],[0-5分鐘],","[S資訊管理大樓],[0-5分鐘],",資訊學院
1,"[體育一館],[0-5分鐘],","[M設計大樓],[0-5分鐘],","[M設計大樓],[0-5分鐘],","[體育一館],[0-5分鐘],","[體育一館],[0-5分鐘],,",資訊學院
2,"x,x,x,x","[M設計大樓],[0-5分鐘],","[M設計大樓],[0-5分鐘],","[M設計大樓],[0-5分鐘],","[M設計大樓],[0-5分鐘],",資訊學院
0,"[S資訊管理大樓],[0-5分鐘],","[S資訊管理大樓],[0-5分鐘],","[S資訊管理大樓],[0-5分鐘],","[S資訊管理大樓],[0-5分鐘],","[S資訊管理大樓],[0-5分鐘],",資訊學院
1,"[S資訊管理大樓],[0-5分鐘],,[體育一館],[0-5分鐘],","[S資訊管理大樓],[0-5分鐘],,[體育一館],[0-5分鐘],","[S資訊管理大樓],[0-5分鐘],,[體育一館],[0-5分鐘],","[S資訊管理大樓],[0-5分鐘],,[體育一館],[0-5分鐘],","[S資訊管理大樓],[0-5分鐘],,[體育一館],[0-5分鐘],",資訊學院
2,"x,x,x,x","x,x,x,x","x,x,x,x","x,x,x,x","x,x,x,x",資訊學院
0,"[AA科技大樓],[0-5分鐘],","[AA科技大樓],[0-5分鐘],","[S資訊管理大樓],[5-10分鐘],","[S資訊管理大樓],[5-10分鐘],","[AA科技大樓],[0-5分鐘],",資訊學院
1,"x,x,x,x","x,x,x,x","x,x,x,x","x,x,x,x","x,x,x,x",資訊學院
2,"x,x,x,x","x,x,x,x","x,x,x,x","x,x,x,x","x,x,x,x",資訊學院
0,"[AA科技大樓],[0-5分鐘],","[AA科技大樓],[0-5分鐘],","[AA科技大樓],[0-5分鐘],","[AA科技大樓],[0-5分鐘],","[AA科技大樓],[0-5分鐘],",資訊學院
1,"[AA科技大樓],[0-5分鐘],,[Q行政大樓OR圖書館],[0-5分鐘],","[AA科技大樓],[0-5分鐘],,[二餐],[0-5分鐘],","[AA科技大樓],[0-5分鐘],,[二餐],[0-5分鐘],","[AA科技大樓],[0-5分鐘],,[Q行政大樓OR圖書館],[0-5分鐘],","[AA科技大樓],[0-5分鐘],,[Q行政大樓OR圖書館],[0-5分鐘],",資訊學院
2,"[不在學校],","[不在學校],","[不在學校],","[不在學校],","[不在學校],,",資訊學院
0,"[AA科技大樓],[0-5分鐘],","[AA科技大樓],[0-5分鐘],","[S資訊管理大樓],[0-5分鐘],,[EE綜合教學大樓],[0-5分鐘],","[S資訊管理大樓],[0-5分鐘],,[EE綜合教學大樓],[0-5分鐘],","[AA科技大樓],[0-5分鐘],,",資訊學院
1,"[AA科技大樓],[0-5分鐘],","[S資訊管理大樓],[0-5分鐘],","[S資訊管理大樓],[0-5分鐘],","[S資訊管理大樓],[0-5分鐘],","[S資訊管理大樓],[0-5分鐘],",資訊學院
2,"x,x,x,x","x,x,x,x","x,x,x,x","x,x,x,x","x,x,x,x",資訊學院
0,"[AA科技大樓],[5-10分鐘],,[S資訊管理大樓],[5-10分鐘],","[S資訊管理大樓],[5-10分鐘],,[AA科技大樓],[5-10分鐘],","[EE綜合教學大樓],[5-10分鐘],,[AA科技大樓],[5-10分鐘],","[EE綜合教學大樓],[5-10分鐘],,[AA科技大樓],[5-10分鐘],","[EE綜合教學大樓],[5-10分鐘],,[AA科技大樓],[5-10分鐘],",資訊學院
1,"[S資訊管理大樓],[5-10分鐘],","[AA科技大樓],[5-10分鐘],","[S資訊管理大樓],[5-10分鐘],","[S資訊管理大樓],[5-10分鐘],","[S資訊管理大樓],[5-10分鐘],",資訊學院
2,"[不在學校],,[不在學校],","[不在學校],,[不在學校],","[不在學校],,[不在學校],","[不在學校],,[不在學校],","[不在學校],,[不在學校],,",資訊學院
0,"[不在學校],x,,[S資訊管理大樓],[5-10分鐘],","[不在學校],x,,[S資訊管理大樓],[5-10分鐘],","[不在學校],x,,[S資訊管理大樓],[5-10分鐘],","[不在學校],x,,[S資訊管理大樓],[5-10分鐘],","[不在學校],x,,[S資訊管理大樓],[5-10分鐘],",資訊學院
1,"[AA科技大樓],[5-10分鐘],","[AA科技大樓],[5-10分鐘],","[AA科技大樓],[5-10分鐘],","[AA科技大樓],[5-10分鐘],","[AA科技大樓],[5-10分鐘],",資訊學院
2,"[不在學校],","[不在學校],","[不在學校],","[不在學校],","[不在學校],,",資訊學院
0,"x,x,x,x","x,x,x,x","[EE綜合教學大樓],[0-5分鐘],","[EE綜合教學大樓],[0-5分鐘],","[S資訊管理大樓],[0-5分鐘],",資訊學院
1,"[AA科技大樓],[0-5分鐘],","[S資訊管理大樓],[0-5分鐘],","[S資訊管理大樓],[0-5分鐘],","[S資訊管理大樓],[0-5分鐘],","[S資訊管理大樓],[0-5分鐘],",資訊學院
2,"[不在學校],","[不在學校],","[不在學校],","[不在學校],","[不在學校],",資訊學院
0,"[S資訊管理大樓],[0-5分鐘],","[EE綜合教學大樓],[5-10分鐘],","[EE綜合教學大樓],[5-10分鐘],","[S資訊管理大樓],[0-5分鐘],","[S資訊管理大樓],[0-5分鐘],",資訊學院
1,"[AA科技大樓],[0-5分鐘],","[S資訊管理大樓],[0-5分鐘],","[不在學校],","[不在學校],","[不在學校],",資訊學院
2,"[不在學校],","[不在學校],","[不在學校],","[不在學校],","[不在學校],",資訊學院
0,"[S資訊管理大樓],[0-5分鐘],","[EE綜合教學大樓],[5-10分鐘],","[EE綜合教學大樓],[5-10分鐘],","[S資訊管理大樓],[0-5分鐘],","[S資訊管理大樓],[0-5分鐘],",資訊學院
1,"[AA科技大樓],[0-5分鐘],","[S資訊管理大樓],[0-5分鐘],","[不在學校],","[不在學校],","[不在學校],",資訊學院
2,"[不在學校],","[不在學校],","[不在學校],","[不在學校],","[不在學校],",資訊學院
0,"[S資訊管理大樓],[0-5分鐘],,[AA科技大樓],[0-5分鐘],","[S資訊管理大樓],[0-5分鐘],,[AA科技大樓],[0-5分鐘],","[S資訊管理大樓],[0-5分鐘],,[AA科技大樓],[0-5分鐘],","[S資訊管理大樓],[0-5分鐘],,[AA科技大樓],[0-5分鐘],","[S資訊管理大樓],[0-5分鐘],,[AA科技大樓],[0-5分鐘],",資訊學院
1,"[二餐],[0-5分鐘],,[不在學校],x,","[二餐],[0-5分鐘],,[不在學校],x,","[二餐],[0-5分鐘],,[不在學校],x,","[二餐],[0-5分鐘],,[不在學校],x,","[二餐],[0-5分鐘],,[不在學校],x,",資訊學院
2,"[不在學校],,[AA科技大樓],[0-5分鐘],","[不在學校],,[AA科技大樓],[0-5分鐘],","[不在學校],,[AA科技大樓],[0-5分鐘],","[不在學校],,[AA科技大樓],[0-5分鐘],","[不在學校],,[AA科技大樓],[0-5分鐘],,",資訊學院
0,"[S資訊管理大樓],[0-5分鐘],,[S資訊管理大樓],[0-5分鐘],","[S資訊管理大樓],[0-5分鐘],,[S資訊管理大樓],[0-5分鐘],","[不在學校],,[不在學校],","[S資訊管理大樓],[0-5分鐘],,[S資訊管理大樓],[0-5分鐘],","[不在學校],,[不在學校],",資訊學院
1,"[S資訊管理大樓],[5-10分鐘],,[S資訊管理大樓],[0-5分鐘],","[S資訊管理大樓],[5-10分鐘],,[S資訊管理大樓],[0-5分鐘],","[不在學校],,[不在學校],","[S資訊管理大樓],[5-10分鐘],,[不在學校],","[不在學校],,[不在學校],",資訊學院
2,"[不在學校],,[不在學校],","[不在學校],,[不在學校],","[不在學校],,[不在學校],","[不在學校],,[不在學校],","[不在學校],,[不在學校],,",資訊學院
0,"[BB社科大樓],[0-5分鐘],,[AA科技大樓],[0-5分鐘],","[P觀光語文大樓],[5-10分鐘],,[S資訊管理大樓],[5-10分鐘],","[S資訊管理大樓],[10-15分鐘],,[P觀光語文大樓],[10-15分鐘],","x,","x,",資訊學院
1,"[BB社科大樓],[0-5分鐘],,[BB社科大樓],[0-5分鐘],","[AA科技大樓],[5-10分鐘],,[AA科技大樓],[5-10分鐘],","[AA科技大樓],[5-10分鐘],,[AA科技大樓],[5-10分鐘],","[AA科技大樓],[5-10分鐘],,[AA科技大樓],[5-10分鐘],","[AA科技大樓],[5-10分鐘],,[AA科技大樓],[5-10分鐘],",資訊學院
2,"x,","[AA科技大樓],[10-15分鐘],,[EE綜合教學大樓],[10-15分鐘],","[P觀光語文大樓],[5-10分鐘],","[P觀光語文大樓],[5-10分鐘],","[P觀光語文大樓],[5-10分鐘],",資訊學院
0,"[不在學校],","[體育一館],[0-5分鐘],","[AA科技大樓],[0-5分鐘],","[AA科技大樓],[0-5分鐘],","[不在學校],",資訊學院
1,"[CC資訊網路大樓],[0-5分鐘],,x,","[EE綜合教學大樓],[0-5分鐘],,x,","[S資訊管理大樓],[0-5分鐘],,x,","[CC資訊網路大樓],[0-5分鐘],","[不在學校],",資訊學院
2,"[S資訊管理大樓],[0-5分鐘],","[不在學校],","[AA科技大樓],[0-5分鐘],","[不在學校],","[不在學校],,",資訊學院
0,"x,x,x,x","x,x,x,x","[AA科技大樓],[5-10分鐘],","[S資訊管理大樓],[5-10分鐘],","[S資訊管理大樓],[5-10分鐘],,",資訊學院
1,"[S資訊管理大樓],[5-10分鐘],","[EE綜合教學大樓],[5-10分鐘],,[CC資訊網路大樓],[10-15分鐘],","[S資訊管理大樓],[5-10分鐘],","[S資訊管理大樓],[5-10分鐘],","[S資訊管理大樓],[5-10分鐘],",資訊學院
2,"[CC資訊網路大樓],[10-15分鐘],","[AA科技大樓],[10-15分鐘],","[AA科技大樓],[10-15分鐘],","[AA科技大樓],[10-15分鐘],","[AA科技大樓],[10-15分鐘],",資訊學院
0,"[EE綜合教學大樓],[0-5分鐘],,[一餐],[0-5分鐘],","[室外籃球場],[0-5分鐘],,[EE綜合教學大樓],[0-5分鐘],","[S資訊管理大樓],[0-5分鐘],,[S資訊管理大樓],[0-5分鐘],","[AA科技大樓],[0-5分鐘],,[AA科技大樓],[0-5分鐘],","[EE綜合教學大樓],[0-5分鐘],,[不在學校],x,",資訊學院
1,"[CC資訊網路大樓],[5-10分鐘],,[S資訊管理大樓],[5-10分鐘],","[EE綜合教學大樓],[0-5分鐘],,[EE綜合教學大樓],[0-5分鐘],","[S資訊管理大樓],[5-10分鐘],,[AA科技大樓],[5-10分鐘],","[CC資訊網路大樓],[5-10分鐘],,[CC資訊網路大樓],[5-10分鐘],","[不在學校],x,,[不在學校],",資訊學院
2,"[S資訊管理大樓],[5-10分鐘],,[不在學校],","[不在學校],,[不在學校],","[AA科技大樓],[5-10分鐘],,[不在學校],","[不在學校],,[不在學校],","[不在學校],,[不在學校],,",資訊學院
0,"[AA科技大樓],[0-5分鐘],,x,","[EE綜合教學大樓],[0-5分鐘],,x,","[M設計大樓],[0-5分鐘],,[二餐],[0-5分鐘],","[P觀光語文大樓],[0-5分鐘],,x,","[S資訊管理大樓],[0-5分鐘],,x,",資訊學院
1,"[AA科技大樓],[5-10分鐘],,[BB社科大樓],[0-5分鐘],","[S資訊管理大樓],[0-5分鐘],,[AA科技大樓],[5-10分鐘],","[AA科技大樓],[5-10分鐘],,[BB社科大樓],[0-5分鐘],","[S資訊管理大樓],[0-5分鐘],,[AA科技大樓],[5-10分鐘],","[AA科技大樓],[5-10分鐘],,[BB社科大樓],[0-5分鐘],",資訊學院
2,"[CC資訊網路大樓],[0-5分鐘],,[不在學校],x,","[不在學校],x,,[不在學校],x,","[不在學校],x,,[不在學校],x,","[不在學校],x,,[不在學校],x,","[不在學校],x,,[不在學校],x,",資訊學院
0,"[AA科技大樓],[5-10分鐘],","[體育一館],[5-10分鐘],","[AA科技大樓],[5-10分鐘],","[AA科技大樓],[5-10分鐘],","[S資訊管理大樓],[5-10分鐘],x,,",資訊學院
1,"[CC資訊網路大樓],[5-10分鐘],","[AA科技大樓],[5-10分鐘],","[AA科技大樓],[5-10分鐘],","[AA科技大樓],[5-10分鐘],","[AA科技大樓],[5-10分鐘],",資訊學院
2,"[CC資訊網路大樓],[5-10分鐘],","[AA科技大樓],[5-10分鐘],","[AA科技大樓],[5-10分鐘],","[AA科技大樓],[5-10分鐘],","[AA科技大樓],[5-10分鐘],",資訊學院
0,"[AA科技大樓],[5-10分鐘],","[體育一館],[0-5分鐘],","[AA科技大樓],[5-10分鐘],","[S資訊管理大樓],[5-10分鐘],","[S資訊管理大樓],[5-10分鐘],",資訊學院
1,"[S資訊管理大樓],[5-10分鐘],","[CC資訊網路大樓],[5-10分鐘],,[AA科技大樓],[5-10分鐘],","[S資訊管理大樓],[5-10分鐘],","[AA科技大樓],[5-10分鐘],","[不在學校],",資訊學院
2,"[不在學校],","[不在學校],","[不在學校],","[不在學校],","[不在學校],,",資訊學院
0,"[不在學校],x,","x,","[EE綜合教學大樓],[0-5分鐘],","[S資訊管理大樓],[0-5分鐘],","[S資訊管理大樓],[0-5分鐘],",資訊學院
1,"[CC資訊網路大樓],[0-5分鐘],","[CC資訊網路大樓],[0-5分鐘],","[S資訊管理大樓],[0-5分鐘],","[AA科技大樓],[0-5分鐘],","[不在學校],",資訊學院
2,"[CC資訊網路大樓],[0-5分鐘],","[不在學校],","[CC資訊網路大樓],[0-5分鐘],","[不在學校],","[不在學校],,",資訊學院
0,"[AA科技大樓],[5-10分鐘],","[體育一館],[0-5分鐘],","[體育一館],[0-5分鐘],","[S資訊管理大樓],[5-10分鐘],","[S資訊管理大樓],[5-10分鐘],,",資訊學院
1,"[S資訊管理大樓],[0-5分鐘],","[EE綜合教學大樓],[0-5分鐘],,[CC資訊網路大樓],[5-10分鐘],","[S資訊管理大樓],[5-10分鐘],","[AA科技大樓],[5-10分鐘],","[AA科技大樓],[5-10分鐘],",資訊學院
2,"[CC資訊網路大樓],[10-15分鐘],","[CC資訊網路大樓],[10-15分鐘],","[CC資訊網路大樓],[10-15分鐘],","[CC資訊網路大樓],[10-15分鐘],","[CC資訊網路大樓],[10-15分鐘],",資訊學院
0,"[EE綜合教學大樓],[5-10分鐘],,[EE綜合教學大樓],[5-10分鐘],","[AA科技大樓],[5-10分鐘],,[S資訊管理大樓],[5-10分鐘],","[AA科技大樓],[5-10分鐘],,[AA科技大樓],[5-10分鐘],","[AA科技大樓],[5-10分鐘],,[S資訊管理大樓],[5-10分鐘],","[AA科技大樓],[5-10分鐘],,[S資訊管理大樓],[5-10分鐘],",資訊學院
1,"[S資訊管理大樓],[5-10分鐘],,[AA科技大樓],[5-10分鐘],","[AA科技大樓],[5-10分鐘],,[S資訊管理大樓],[5-10分鐘],","[AA科技大樓],[5-10分鐘],,[AA科技大樓],[5-10分鐘],","[S資訊管理大樓],[5-10分鐘],,[S資訊管理大樓],[5-10分鐘],","[不在學校],x,,[不在學校],x,",資訊學院
2,"[CC資訊網路大樓],[5-10分鐘],,[CC資訊網路大樓],[5-10分鐘],","[AA科技大樓],[5-10分鐘],,[AA科技大樓],[5-10分鐘],","[不在學校],x,,[不在學校],x,","[不在學校],x,,[不在學校],x,","[不在學校],x,,[不在學校],x,",資訊學院
0,"[S資訊管理大樓],[0-5分鐘],","[體育一館],[0-5分鐘],,[AA科技大樓],[0-5分鐘],","[AA科技大樓],[5-10分鐘],,[AA科技大樓],[5-10分鐘],","[S資訊管理大樓],[0-5分鐘],,[AA科技大樓],[5-10分鐘],","[S資訊管理大樓],[0-5分鐘],,[S資訊管理大樓],[0-5分鐘],",資訊學院
1,"[S資訊管理大樓],[0-5分鐘],,[CC資訊網路大樓],[0-5分鐘],","[EE綜合教學大樓],[0-5分鐘],,[AA科技大樓],[0-5分鐘],","[S資訊管理大樓],[0-5分鐘],","[AA科技大樓],[0-5分鐘],","[AA科技大樓],[0-5分鐘],",資訊學院
2,"[AA科技大樓],[0-5分鐘],","[AA科技大樓],[0-5分鐘],","[AA科技大樓],[0-5分鐘],","[AA科技大樓],[0-5分鐘],","[AA科技大樓],[0-5分鐘],",資訊學院
0,"[AA科技大樓],[5-10分鐘],,[AA科技大樓],[0-5分鐘],","[S資訊管理大樓],[10-15分鐘],,[體育一館],[5-10分鐘],","[AA科技大樓],[5-10分鐘],,[AA科技大樓],[0-5分鐘],","[AA科技大樓],[0-5分鐘],,[S資訊管理大樓],[5-10分鐘],","[S資訊管理大樓],[0-5分鐘],,[S資訊管理大樓],[0-5分鐘],",資訊學院
1,"[S資訊管理大樓],[0-5分鐘],,[S資訊管理大樓],[0-5分鐘],","[CC資訊網路大樓],[0-5分鐘],,[AA科技大樓],[0-5分鐘],","[S資訊管理大樓],[0-5分鐘],,[S資訊管理大樓],[0-5分鐘],","[AA科技大樓],[0-5分鐘],,[AA科技大樓],[0-5分鐘],","[S資訊管理大樓],[0-5分鐘],,[不在學校],x,",資訊學院
2,"[CC資訊網路大樓],[0-5分鐘],x,","[不在學校],","[不在學校],","x,","[不在學校],,",資訊學院
0,"[不在學校],x,","[體育一館],[0-5分鐘],","[S資訊管理大樓],[0-5分鐘],","[S資訊管理大樓],[0-5分鐘],","[AA科技大樓],[0-5分鐘],",資訊學院
1,"[S資訊管理大樓],[0-5分鐘],,[CC資訊網路大樓],[0-5分鐘],","[AA科技大樓],[0-5分鐘],","[S資訊管理大樓],[0-5分鐘],","[S資訊管理大樓],[0-5分鐘],","[不在學校],x,",資訊學院
2,"[AA科技大樓],[0-5分鐘],","[AA科技大樓],[0-5分鐘],","[不在學校],","[不在學校],,[室外籃球場],[20分鐘以上],","[不在學校],,",資訊學院
0,"[S資訊管理大樓],[5-10分鐘],,x,","[體育一館],[10-15分鐘],,x,","[S資訊管理大樓],[10-15分鐘],,x,","[AA科技大樓],[10-15分鐘],,x,","[S資訊管理大樓],[10-15分鐘],,x,",資訊學院
1,"[CC資訊網路大樓],[5-10分鐘],x,","[EE綜合教學大樓],[5-10分鐘],x,","[AA科技大樓],[5-10分鐘],x,","[AA科技大樓],[5-10分鐘],x,","[AA科技大樓],[5-10分鐘],x,,",資訊學院
2,"[CC資訊網路大樓],[10-15分鐘],","[CC資訊網路大樓],[10-15分鐘],","[AA科技大樓],[10-15分鐘],","[AA科技大樓],[10-15分鐘],","[AA科技大樓],[10-15分鐘],",資訊學院
0,"[AA科技大樓],[5-10分鐘],,[AA科技大樓],[5-10分鐘],","[體育一館],[0-5分鐘],,[體育一館],[5-10分鐘],","[AA科技大樓],[5-10分鐘],,[AA科技大樓],[5-10分鐘],","[S資訊管理大樓],[5-10分鐘],,[S資訊管理大樓],[5-10分鐘],","[S資訊管理大樓],[5-10分鐘],,[S資訊管理大樓],[5-10分鐘],",資訊學院
1,"[S資訊管理大樓],[5-10分鐘],,[AA科技大樓],[5-10分鐘],","[EE綜合教學大樓],[5-10分鐘],,[CC資訊網路大樓],[5-10分鐘],","[S資訊管理大樓],[5-10分鐘],,[S資訊管理大樓],[5-10分鐘],","[AA科技大樓],[5-10分鐘],,[S資訊管理大樓],[5-10分鐘],","[不在學校],x,",資訊學院
2,"[CC資訊網路大樓],[5-10分鐘],,[CC資訊網路大樓],[5-10分鐘],","[AA科技大樓],[5-10分鐘],,[AA科技大樓],[5-10分鐘],","[不在學校],x,,[不在學校],x,","[不在學校],x,,[不在學校],x,","[不在學校],x,,[不在學校],x,",資訊學院
0,"[AA科技大樓],[5-10分鐘],","x,","[AA科技大樓],[10-15分鐘],","[S資訊管理大樓],[10-15分鐘],","[S資訊管理大樓],[10-15分鐘],,",資訊學院
1,"[S資訊管理大樓],[0-5分鐘],,[CC資訊網路大樓],[0-5分鐘],","[EE綜合教學大樓],[0-5分鐘],,[AA科技大樓],[5-10分鐘],","[S資訊管理大樓],[5-10分鐘],","[AA科技大樓],[5-10分鐘],","[AA科技大樓],[5-10分鐘],",資訊學院
2,"x,x,x,x","x,x,x,x","x,x,x,x","x,x,x,x","x,x,x,x",資訊學院
0,"[S資訊管理大樓],[0-5分鐘],","[體育一館],[0-5分鐘],,[體育一館],[0-5分鐘],","[S資訊管理大樓],[0-5分鐘],,[S資訊管理大樓],[0-5分鐘],","[S資訊管理大樓],[0-5分鐘],,[S資訊管理大樓],[0-5分鐘],","[S資訊管理大樓],[0-5分鐘],,[S資訊管理大樓],[0-5分鐘],",資訊學院
1,"[AA科技大樓],[0-5分鐘],,[S資訊管理大樓],[0-5分鐘],","[AA科技大樓],[0-5分鐘],,[EE綜合教學大樓],[0-5分鐘],","[S資訊管理大樓],[0-5分鐘],,[S資訊管理大樓],[0-5分鐘],","[AA科技大樓],[0-5分鐘],,[AA科技大樓],[0-5分鐘],","[不在學校],,[不在學校],",資訊學院
2,"[CC資訊網路大樓],[0-5分鐘],,[不在學校],","[不在學校],,[不在學校],","[不在學校],,[不在學校],","[不在學校],,[不在學校],","[不在學校],,[不在學校],,",資訊學院
0,"[AA科技大樓],[0-5分鐘],","[體育一館],[0-5分鐘],,[AA科技大樓],[0-5分鐘],","[AA科技大樓],[0-5分鐘],,[AA科技大樓],[0-5分鐘],","[S資訊管理大樓],[0-5分鐘],,[AA科技大樓],[0-5分鐘],","[S資訊管理大樓],[0-5分鐘],x,[0-5分鐘],",資訊學院
1,"[S資訊管理大樓],[0-5分鐘],,[AA科技大樓],[0-5分鐘],","[AA科技大樓],[0-5分鐘],,[AA科技大樓],[0-5分鐘],","[S資訊管理大樓],[0-5分鐘],,[AA科技大樓],[0-5分鐘],","[AA科技大樓],[0-5分鐘],,[AA科技大樓],[0-5分鐘],","[AA科技大樓],[0-5分鐘],,[AA科技大樓],[0-5分鐘],",資訊學院
2,"[不在學校],,[不在學校],x,","[不在學校],,[不在學校],x,","[不在學校],,[不在學校],x,","[不在學校],,[不在學校],x,","[不在學校],,[不在學校],x,,",資訊學院
0,"[不在學校],x,,[不在學校],x,","[體育一館],[0-5分鐘],,[不在學校],x,","[AA科技大樓],[5-10分鐘],,[S資訊管理大樓],[5-10分鐘],","[S資訊管理大樓],[0-5分鐘],,[S資訊管理大樓],[0-5分鐘],","[S資訊管理大樓],[5-10分鐘],,[S資訊管理大樓],[5-10分鐘],",資訊學院
1,"[S資訊管理大樓],[5-10分鐘],,[CC資訊網路大樓],[5-10分鐘],","[CC資訊網路大樓],[5-10分鐘],,[AA科技大樓],[5-10分鐘],","[S資訊管理大樓],[5-10分鐘],,[不在學校],","[AA科技大樓],[5-10分鐘],,[不在學校],","[EE綜合教學大樓],[5-10分鐘],,[不在學校],",資訊學院
2,"[不在學校],,[不在學校],","[不在學校],,[不在學校],","[不在學校],,[不在學校],","[不在學校],,[不在學校],","[不在學校],,[不在學校],,",資訊學院
0,"[AA科技大樓],[5-10分鐘],","x,","[AA科技大樓],[10-15分鐘],","[S資訊管理大樓],[10-15分鐘],","[S資訊管理大樓],[10-15分鐘],,",資訊學院
1,"[S資訊管理大樓],[0-5分鐘],,[CC資訊網路大樓],[0-5分鐘],","[EE綜合教學大樓],[0-5分鐘],,[AA科技大樓],[5-10分鐘],","[S資訊管理大樓],[5-10分鐘],","[AA科技大樓],[5-10分鐘],","[AA科技大樓],[5-10分鐘],",資訊學院
2,"x,x,x,x","x,x,x,x","x,x,x,x","x,x,x,x","x,x,x,x",資訊學院
0,"[不在學校],","[體育一館],[0-5分鐘],","[AA科技大樓],[0-5分鐘],","[S資訊管理大樓],[0-5分鐘],","[S資訊管理大樓],[0-5分鐘],",資訊學院
1,"[CC資訊網路大樓],[0-5分鐘],","[S資訊管理大樓],[0-5分鐘],,[CC資訊網路大樓],[0-5分鐘],","[S資訊管理大樓],[0-5分鐘],","[AA科技大樓],[0-5分鐘],","[不在學校],",資訊學院
2,"[CC資訊網路大樓],[0-5分鐘],","[AA科技大樓],[0-5分鐘],","[不在學校],","[不在學校],","[不在學校],,",資訊學院
0,"[AA科技大樓],[5-10分鐘],,[體育一館],[5-10分鐘],","[體育一館],[5-10分鐘],,[體育一館],[5-10分鐘],","[AA科技大樓],[5-10分鐘],,[體育一館],[5-10分鐘],","[AA科技大樓],[5-10分鐘],,[體育一館],[5-10分鐘],","[S資訊管理大樓],[5-10分鐘],,[體育一館],[5-10分鐘],",資訊學院
1,"[S資訊管理大樓],[5-10分鐘],,[S資訊管理大樓],[5-10分鐘],","[AA科技大樓],[5-10分鐘],,[Q行政大樓OR圖書館],[5-10分鐘],","[AA科技大樓],[5-10分鐘],,[S資訊管理大樓],[5-10分鐘],","[AA科技大樓],[5-10分鐘],,[AA科技大樓],[5-10分鐘],","[不在學校],x,,[不在學校],x,",資訊學院
2,"[AA科技大樓],[5-10分鐘],,[AA科技大樓],[5-10分鐘],","[CC資訊網路大樓],[5-10分鐘],,[CC資訊網路大樓],[5-10分鐘],","[不在學校],x,,[不在學校],x,","[不在學校],x,,[不在學校],x,","[不在學校],x,,[不在學校],x,",資訊學院
0,"[AA科技大樓],[0-5分鐘],,[AA科技大樓],[0-5分鐘],","[AA科技大樓],[0-5分鐘],,[體育一館],[0-5分鐘],","[AA科技大樓],[0-5分鐘],,[AA科技大樓],[0-5分鐘],","[AA科技大樓],[0-5分鐘],,[S資訊管理大樓],[0-5分鐘],","[S資訊管理大樓],[0-5分鐘],,[S資訊管理大樓],[0-5分鐘],",資訊學院
1,"[CC資訊網路大樓],[0-5分鐘],x,","[AA科技大樓],[0-5分鐘],x,","[S資訊管理大樓],[0-5分鐘],x,","[AA科技大樓],[0-5分鐘],x,","[不在學校],x,x,",資訊學院
2,"[S資訊管理大樓],[0-5分鐘],x,","[AA科技大樓],[0-5分鐘],x,","[不在學校],x,x,","[不在學校],x,x,","[不在學校],x,x,,",資訊學院
0,"[AA科技大樓],[0-5分鐘],,[體育一館],[0-5分鐘],","[體育一館],[0-5分鐘],,[體育一館],[0-5分鐘],","[S資訊管理大樓],[0-5分鐘],,[體育一館],[0-5分鐘],","[AA科技大樓],[0-5分鐘],,[體育一館],[0-5分鐘],","[AA科技大樓],[0-5分鐘],,[體育一館],[0-5分鐘],",資訊學院
1,"[CC資訊網路大樓],[0-5分鐘],,[體育一館],[0-5分鐘],","[AA科技大樓],[0-5分鐘],,[體育一館],[0-5分鐘],","[S資訊管理大樓],[0-5分鐘],,[體育一館],[0-5分鐘],","[AA科技大樓],[0-5分鐘],,[體育一館],[0-5分鐘],","[不在學校],x,,[體育一館],[0-5分鐘],",資訊學院
2,"[CC資訊網路大樓],[0-5分鐘],,[體育一館],[0-5分鐘],","[AA科技大樓],[0-5分鐘],,[體育一館],[0-5分鐘],","[不在學校],,[不在學校],x,","[不在學校],,[不在學校],x,","[不在學校],,[不在學校],x,,",資訊學院
0,"[不在學校],","[EE綜合教學大樓],[0-5分鐘],","[AA科技大樓],[5-10分鐘],","[S資訊管理大樓],[0-5分鐘],","[S資訊管理大樓],[0-5分鐘],",資訊學院
1,"[S資訊管理大樓],[0-5分鐘],","[EE綜合教學大樓],[0-5分鐘],","[S資訊管理大樓],[0-5分鐘],","[AA科技大樓],[0-5分鐘],","[不在學校],",資訊學院
2,"[CC資訊網路大樓],[0-5分鐘],","[AA科技大樓],[5-10分鐘],","[不在學校],","[不在學校],","[不在學校],,",資訊學院
0,"[不在學校],","[EE綜合教學大樓],[0-5分鐘],","[不在學校],","[S資訊管理大樓],[0-5分鐘],","[S資訊管理大樓],[0-5分鐘],",資訊學院
1,"[S資訊管理大樓],[0-5分鐘],","[EE綜合教學大樓],[0-5分鐘],","[不在學校],","[AA科技大樓],[0-5分鐘],","[不在學校],",資訊學院
2,"[AA科技大樓],[0-5分鐘],","[CC資訊網路大樓],[0-5分鐘],","[不在學校],","[不在學校],","[不在學校],,",資訊學院
0,"[S資訊管理大樓],[0-5分鐘],,[AA科技大樓],[0-5分鐘],","[EE綜合教學大樓],[0-5分鐘],,[CC資訊網路大樓],[0-5分鐘],","[EE綜合教學大樓],[0-5分鐘],,[CC資訊網路大樓],[0-5分鐘],","[AA科技大樓],[0-5分鐘],,[S資訊管理大樓],[0-5分鐘],","[S資訊管理大樓],[0-5分鐘],,[S資訊管理大樓],[0-5分鐘],",資訊學院
1,"[S資訊管理大樓],[0-5分鐘],,[CC資訊網路大樓],[0-5分鐘],","[CC資訊網路大樓],[0-5分鐘],,[EE綜合教學大樓],[0-5分鐘],","[CC資訊網路大樓],[0-5分鐘],,[EE綜合教學大樓],[0-5分鐘],","[AA科技大樓],[0-5分鐘],,[AA科技大樓],[0-5分鐘],","[AA科技大樓],[0-5分鐘],,[AA科技大樓],[0-5分鐘],",資訊學院
2,"x,x,x,x","x,x,x,x","x,x,x,x","x,x,x,x","x,x,x,x",資訊學院
0,"[S資訊管理大樓],[0-5分鐘],,[S資訊管理大樓],[0-5分鐘],","[S資訊管理大樓],[0-5分鐘],,[S資訊管理大樓],[0-5分鐘],","[S資訊管理大樓],[0-5分鐘],,[S資訊管理大樓],[0-5分鐘],","[S資訊管理大樓],[0-5分鐘],,[S資訊管理大樓],[0-5分鐘],","[S資訊管理大樓],[0-5分鐘],,[S資訊管理大樓],[0-5分鐘],",資訊學院
1,"[S資訊管理大樓],[0-5分鐘],,[S資訊管理大樓],[0-5分鐘],","[S資訊管理大樓],[0-5分鐘],,[S資訊管理大樓],[0-5分鐘],","[S資訊管理大樓],[0-5分鐘],,[S資訊管理大樓],[0-5分鐘],","[S資訊管理大樓],[0-5分鐘],,[S資訊管理大樓],[0-5分鐘],","[S資訊管理大樓],[0-5分鐘],,[S資訊管理大樓],[0-5分鐘],",資訊學院
2,"[不在學校],x,,[不在學校],x,","[不在學校],x,,[不在學校],x,","[不在學校],x,,[不在學校],x,","[不在學校],x,,[不在學校],x,","[不在學校],x,,[不在學校],x,",資訊學院
0,"x,x,x,x","[體育一館],[5-10分鐘],","[AA科技大樓],[5-10分鐘],","[S資訊管理大樓],[5-10分鐘],","[S資訊管理大樓],[5-10分鐘],x,,",資訊學院
1,"[S資訊管理大樓],[5-10分鐘],","[EE綜合教學大樓],[5-10分鐘],,[CC資訊網路大樓],[0-5分鐘],","[S資訊管理大樓],[5-10分鐘],","[AA科技大樓],[5-10分鐘],","[AA科技大樓],[5-10分鐘],",資訊學院
2,"[CC資訊網路大樓],[5-10分鐘],","[AA科技大樓],[5-10分鐘],","[AA科技大樓],[5-10分鐘],","[AA科技大樓],[5-10分鐘],","[AA科技大樓],[5-10分鐘],",資訊學院
0,"[不在學校],x,,[AA科技大樓],[5-10分鐘],","[體育一館],[5-10分鐘],,[AA科技大樓],[5-10分鐘],","[S資訊管理大樓],[5-10分鐘],,[AA科技大樓],[5-10分鐘],","[S資訊管理大樓],[5-10分鐘],,[AA科技大樓],[5-10分鐘],","[AA科技大樓],[5-10分鐘],,[AA科技大樓],[5-10分鐘],",資訊學院
1,"[S資訊管理大樓],[5-10分鐘],,[S資訊管理大樓],[5-10分鐘],","[S資訊管理大樓],[5-10分鐘],,[S資訊管理大樓],[5-10分鐘],","[S資訊管理大樓],[5-10分鐘],,[S資訊管理大樓],[5-10分鐘],","[S資訊管理大樓],[5-10分鐘],,[S資訊管理大樓],[5-10分鐘],","[S資訊管理大樓],[5-10分鐘],,[AA科技大樓],[5-10分鐘],",資訊學院
2,"[CC資訊網路大樓],[5-10分鐘],x,","[S資訊管理大樓],[5-10分鐘],x,","[不在學校],x,x,","[不在學校],x,x,","[不在學校],x,x,,",資訊學院
0,"[AA科技大樓],[0-5分鐘],,[AA科技大樓],[0-5分鐘],","[體育一館],[0-5分鐘],,[體育一館],[0-5分鐘],","[AA科技大樓],[0-5分鐘],,[二餐],[0-5分鐘],","[S資訊管理大樓],[0-5分鐘],,[二餐],[0-5分鐘],","[AA科技大樓],[0-5分鐘],,[不在學校],x,",資訊學院
1,"[S資訊管理大樓],[0-5分鐘],,[AA科技大樓],[0-5分鐘],","[EE綜合教學大樓],[0-5分鐘],,[CC資訊網路大樓],[0-5分鐘],","[S資訊管理大樓],[0-5分鐘],,[不在學校],x,","[AA科技大樓],[0-5分鐘],,[AA科技大樓],[0-5分鐘],","[不在學校],x,,[不在學校],x,",資訊學院
2,"[CC資訊網路大樓],[0-5分鐘],","[AA科技大樓],[0-5分鐘],","[不在學校],x,","[不在學校],x,","[不在學校],x,,",資訊學院
0,"[不在學校],","[EE綜合教學大樓],[5-10分鐘],x,","[EE綜合教學大樓],[5-10分鐘],x,","[S資訊管理大樓],[5-10分鐘],x,","[S資訊管理大樓],[5-10分鐘],x,",資訊學院
1,"[S資訊管理大樓],[5-10分鐘],","[CC資訊網路大樓],[5-10分鐘],,[EE綜合教學大樓],[5-10分鐘],","[S資訊管理大樓],[5-10分鐘],","[AA科技大樓],[5-10分鐘],","[不在學校],x,",資訊學院
2,"[CC資訊網路大樓],[5-10分鐘],","[不在學校],","[不在學校],","[不在學校],","[不在學校],,",資訊學院
0,"[Q行政大樓OR圖書館],[5-10分鐘],,[不在學校],","[體育一館],[0-5分鐘],,[操場],[0-5分鐘],","[不在學校],,[Q行政大樓OR圖書館],[0-5分鐘],","[S資訊管理大樓],[5-10分鐘],,[S資訊管理大樓],[5-10分鐘],","[S資訊管理大樓],[5-10分鐘],,[S資訊管理大樓],[5-10分鐘],",資訊學院
1,"[S資訊管理大樓],[5-10分鐘],","[S資訊管理大樓],[5-10分鐘],","[不在學校],,[S資訊管理大樓],[5-10分鐘],","[S資訊管理大樓],[5-10分鐘],","[S資訊管理大樓],[5-10分鐘],",資訊學院
2,"[S資訊管理大樓],[5-10分鐘],","[S資訊管理大樓],[5-10分鐘],","[不在學校],","[Q行政大樓OR圖書館],[5-10分鐘],","[Q行政大樓OR圖書館],[5-10分鐘],,",資訊學院
0,"[不在學校],,[不在學校],x,","x,,[S資訊管理大樓],[5-10分鐘],","[不在學校],,[不在學校],x,","x,,[S資訊管理大樓],[5-10分鐘],","[不在學校],,[不在學校],x,",資訊學院
1,"[S資訊管理大樓],[5-10分鐘],,[不在學校],x,","[CC資訊網路大樓],[5-10分鐘],,[不在學校],x,","[AA科技大樓],[5-10分鐘],,[不在學校],x,","[AA科技大樓],[5-10分鐘],,[不在學校],x,","[AA科技大樓],[5-10分鐘],,[不在學校],x,",資訊學院
2,"[CC資訊網路大樓],[0-5分鐘],,[不在學校],x,","[不在學校],x,,[不在學校],x,","[不在學校],x,,[不在學校],x,","[不在學校],x,,[不在學校],x,","[不在學校],x,,[不在學校],x,",資訊學院
0,"[S資訊管理大樓],[5-10分鐘],,[CC資訊網路大樓],[5-10分鐘],","[CC資訊網路大樓],[5-10分鐘],,[AA科技大樓],[5-10分鐘],","[S資訊管理大樓],[5-10分鐘],,[EE綜合教學大樓],[5-10分鐘],","[AA科技大樓],[5-10分鐘],,[S資訊管理大樓],[5-10分鐘],","[S資訊管理大樓],[5-10分鐘],x,,",資訊學院
1,"[CC資訊網路大樓],[5-10分鐘],","[CC資訊網路大樓],[5-10分鐘],,[AA科技大樓],[5-10分鐘],","[S資訊管理大樓],[5-10分鐘],","[AA科技大樓],[5-10分鐘],","[AA科技大樓],[5-10分鐘],",資訊學院
2,"[CC資訊網路大樓],[0-5分鐘],","[AA科技大樓],[0-5分鐘],","[AA科技大樓],[0-5分鐘],","[AA科技大樓],[0-5分鐘],","[AA科技大樓],[0-5分鐘],",資訊學院
0,"[學校宿舍],[0-5分鐘],","[AA科技大樓],[5-10分鐘],","[學校宿舍],[0-5分鐘],","[S資訊管理大樓],[0-5分鐘],","[AA科技大樓],[0-5分鐘],",資訊學院
1,"[S資訊管理大樓],[0-5分鐘],","[AA科技大樓],[5-10分鐘],","[EE綜合教學大樓],[0-5分鐘],","[AA科技大樓],[0-5分鐘],","[AA科技大樓],[0-5分鐘],",資訊學院
2,"x,","x,","[S資訊管理大樓],[0-5分鐘],","x,","x,,",資訊學院
0,"[EE綜合教學大樓],[10-15分鐘],","[EE綜合教學大樓],[10-15分鐘],","[AA科技大樓],[10-15分鐘],","[S資訊管理大樓],[10-15分鐘],","[S資訊管理大樓],[10-15分鐘],x,,",資訊學院
1,"[CC資訊網路大樓],[5-10分鐘],","[EE綜合教學大樓],[5-10分鐘],","[S資訊管理大樓],[5-10分鐘],","[AA科技大樓],[5-10分鐘],","[AA科技大樓],[5-10分鐘],",資訊學院
2,"[CC資訊網路大樓],[10-15分鐘],","[AA科技大樓],[10-15分鐘],","[AA科技大樓],[10-15分鐘],","[AA科技大樓],[10-15分鐘],","[AA科技大樓],[10-15分鐘],",資訊學院
0,"[EE綜合教學大樓],[0-5分鐘],","[體育一館],[0-5分鐘],","[AA科技大樓],[0-5分鐘],","[S資訊管理大樓],[0-5分鐘],","[S資訊管理大樓],[0-5分鐘],,",資訊學院
1,"[S資訊管理大樓],[0-5分鐘],","[CC資訊網路大樓],[0-5分鐘],","[S資訊管理大樓],[0-5分鐘],","[AA科技大樓],[0-5分鐘],","[AA科技大樓],[0-5分鐘],",資訊學院
2,"[CC資訊網路大樓],[0-5分鐘],","[CC資訊網路大樓],[0-5分鐘],","[CC資訊網路大樓],[0-5分鐘],","[CC資訊網路大樓],[0-5分鐘],","[CC資訊網路大樓],[0-5分鐘],",資訊學院
0,"x,x,x,x","[體育一館],[5-10分鐘],","[AA科技大樓],[5-10分鐘],","[S資訊管理大樓],[0-5分鐘],","[S資訊管理大樓],[5-10分鐘],x,",資訊學院
1,"x,","[CC資訊網路大樓],[5-10分鐘],","[S資訊管理大樓],[5-10分鐘],","[AA科技大樓],[0-5分鐘],","[AA科技大樓],[0-5分鐘],",資訊學院
2,"[CC資訊網路大樓],[10-15分鐘],","[不在學校],","[不在學校],","[不在學校],","[不在學校],,",資訊學院
0,"[S資訊管理大樓],[5-10分鐘],","[CC資訊網路大樓],[5-10分鐘],","[S資訊管理大樓],[5-10分鐘],","[S資訊管理大樓],[5-10分鐘],","[S資訊管理大樓],[5-10分鐘],,",資訊學院
1,"[CC資訊網路大樓],[5-10分鐘],","x,","[S資訊管理大樓],[5-10分鐘],","[S資訊管理大樓],[5-10分鐘],","[S資訊管理大樓],[5-10分鐘],",資訊學院
2,"x,x,x,x","x,x,x,x","x,x,x,x","x,x,x,x","x,x,x,x",資訊學院
0,"x,x,x,x","[AA科技大樓],[5-10分鐘],","[AA科技大樓],[5-10分鐘],","[AA科技大樓],[5-10分鐘],","[AA科技大樓],[5-10分鐘],",資訊學院
1,"[CC資訊網路大樓],[0-5分鐘],","[S資訊管理大樓],[5-10分鐘],","[AA科技大樓],[5-10分鐘],","[AA科技大樓],[5-10分鐘],","[AA科技大樓],[5-10分鐘],",資訊學院
2,"[S資訊管理大樓],[5-10分鐘],","[S資訊管理大樓],[5-10分鐘],","[AA科技大樓],[5-10分鐘],","[AA科技大樓],[5-10分鐘],","[AA科技大樓],[5-10分鐘],",資訊學院
0,"[不在學校],,[EE綜合教學大樓],[0-5分鐘],","[體育一館],[0-5分鐘],,[S資訊管理大樓],[5-10分鐘],","[AA科技大樓],[5-10分鐘],,[AA科技大樓],[5-10分鐘],","[AA科技大樓],[5-10分鐘],,[S資訊管理大樓],[0-5分鐘],","[不在學校],,[不在學校],x,",資訊學院
1,"[EE綜合教學大樓],[0-5分鐘],","[AA科技大樓],[5-10分鐘],","[S資訊管理大樓],[5-10分鐘],","[AA科技大樓],[0-5分鐘],","[不在學校],x,",資訊學院
2,"[AA科技大樓],[0-5分鐘],","[不在學校],x,","[AA科技大樓],[0-5分鐘],","[不在學校],x,","[不在學校],x,,",資訊學院
0,"[AA科技大樓],[5-10分鐘],","[體育一館],[0-5分鐘],","[AA科技大樓],[5-10分鐘],","[S資訊管理大樓],[5-10分鐘],","[S資訊管理大樓],[5-10分鐘],",資訊學院
1,"[CC資訊網路大樓],[5-10分鐘],","[AA科技大樓],[0-5分鐘],","[S資訊管理大樓],[5-10分鐘],","[S資訊管理大樓],[5-10分鐘],","[AA科技大樓],[5-10分鐘],",資訊學院
2,"[CC資訊網路大樓],[5-10分鐘],","[AA科技大樓],[5-10分鐘],","[不在學校],","[不在學校],","[不在學校],,",資訊學院
0,"[EE綜合教學大樓],[5-10分鐘],","[體育一館],[5-10分鐘],","[AA科技大樓],[5-10分鐘],","[AA科技大樓],[5-10分鐘],","[AA科技大樓],[5-10分鐘],",資訊學院
1,"[S資訊管理大樓],[5-10分鐘],","[EE綜合教學大樓],[5-10分鐘],","[S資訊管理大樓],[5-10分鐘],","[CC資訊網路大樓],[5-10分鐘],","[CC資訊網路大樓],[5-10分鐘],",資訊學院
2,"x,x,x,x","x,x,x,x","x,x,x,x","x,x,x,x","x,x,x,x",資訊學院
0,"[不在學校],","[體育一館],[0-5分鐘],","[AA科技大樓],[0-5分鐘],","[AA科技大樓],[0-5分鐘],","[AA科技大樓],[0-5分鐘],",資訊學院
1,"x,","[不在學校],","x,","[不在學校],","[不在學校],",資訊學院
2,"x,","[不在學校],","x,","[不在學校],","[不在學校],,",資訊學院
0,"[CC資訊網路大樓],[5-10分鐘],,[CC資訊網路大樓],[5-10分鐘],","[P觀光語文大樓],[5-10分鐘],,[P觀光語文大樓],[5-10分鐘],","[S資訊管理大樓],[5-10分鐘],,[S資訊管理大樓],[5-10分鐘],","[S資訊管理大樓],[5-10分鐘],,[S資訊管理大樓],[5-10分鐘],","[不在學校],,",資訊學院
1,"[CC資訊網路大樓],[5-10分鐘],,[CC資訊網路大樓],[5-10分鐘],","[P觀光語文大樓],[5-10分鐘],,[P觀光語文大樓],[5-10分鐘],","[P觀光語文大樓],[5-10分鐘],,[S資訊管理大樓],[5-10分鐘],","[P觀光語文大樓],[5-10分鐘],,[S資訊管理大樓],[5-10分鐘],","[P觀光語文大樓],[5-10分鐘],,[S資訊管理大樓],[5-10分鐘],",資訊學院
2,"[CC資訊網路大樓],[5-10分鐘],,[CC資訊網路大樓],[5-10分鐘],","[P觀光語文大樓],[5-10分鐘],,[P觀光語文大樓],[5-10分鐘],","[S資訊管理大樓],[5-10分鐘],,[S資訊管理大樓],[5-10分鐘],","[S資訊管理大樓],[5-10分鐘],,[S資訊管理大樓],[5-10分鐘],","[S資訊管理大樓],[5-10分鐘],,[S資訊管理大樓],[5-10分鐘],",資訊學院
0,"[EE綜合教學大樓],[0-5分鐘],","[體育一館],[0-5分鐘],","[AA科技大樓],[0-5分鐘],","[AA科技大樓],[0-5分鐘],","[不在學校],,",資訊學院
1,"[CC資訊網路大樓],[0-5分鐘],","[EE綜合教學大樓],[0-5分鐘],,[CC資訊網路大樓],[0-5分鐘],","[S資訊管理大樓],[0-5分鐘],","[CC資訊網路大樓],[0-5分鐘],","[CC資訊網路大樓],[0-5分鐘],",資訊學院
2,"[S資訊管理大樓],[0-5分鐘],","[S資訊管理大樓],[0-5分鐘],","[AA科技大樓],[0-5分鐘],","[AA科技大樓],[0-5分鐘],","[AA科技大樓],[0-5分鐘],",資訊學院
0,"[不在學校],,[不在學校],","[體育一館],[5-10分鐘],,[體育一館],[5-10分鐘],","[不在學校],,[不在學校],","[AA科技大樓],[0-5分鐘],,[AA科技大樓],[0-5分鐘],","x,,x,",資訊學院
1,"[CC資訊網路大樓],[5-10分鐘],,[CC資訊網路大樓],[5-10分鐘],","[EE綜合教學大樓],[5-10分鐘],,[EE綜合教學大樓],[5-10分鐘],","[S資訊管理大樓],[5-10分鐘],,[S資訊管理大樓],[5-10分鐘],","[CC資訊網路大樓],[5-10分鐘],,[CC資訊網路大樓],[5-10分鐘],","[不在學校],,[不在學校],",資訊學院
2,"[S資訊管理大樓],[5-10分鐘],,[S資訊管理大樓],[5-10分鐘],","[不在學校],,[不在學校],x,","[S資訊管理大樓],[5-10分鐘],,[S資訊管理大樓],[5-10分鐘],","[室外籃球場],[5-10分鐘],,[CC資訊網路大樓],[5-10分鐘],","[不在學校],,[不在學校],,",資訊學院
0,"[CC資訊網路大樓],[10-15分鐘],,[S資訊管理大樓],[10-15分鐘],","x,,[不在學校],","[S資訊管理大樓],[10-15分鐘],,[AA科技大樓],[10-15分鐘],","x,,x,","x,,x,",資訊學院
1,"[S資訊管理大樓],[10-15分鐘],,[不在學校],x,","[不在學校],,[不在學校],x,","[AA科技大樓],[10-15分鐘],,[不在學校],x,","[CC資訊網路大樓],[10-15分鐘],,[不在學校],x,","x,,[不在學校],x,",資訊學院
2,"[不在學校],,[不在學校],x,","[不在學校],,[不在學校],x,","[不在學校],,[不在學校],x,","[不在學校],,[不在學校],x,","[不在學校],,[不在學校],x,,",資訊學院
0,"[S資訊管理大樓],[5-10分鐘],,[S資訊管理大樓],[5-10分鐘],","[體育二館],[5-10分鐘],,[體育二館],[5-10分鐘],","[AA科技大樓],[5-10分鐘],,[AA科技大樓],[5-10分鐘],","[AA科技大樓],[5-10分鐘],,[AA科技大樓],[5-10分鐘],","[不在學校],x,,[不在學校],x,",資訊學院
1,"[CC資訊網路大樓],[5-10分鐘],,[CC資訊網路大樓],[5-10分鐘],","[EE綜合教學大樓],[5-10分鐘],,[EE綜合教學大樓],[5-10分鐘],","[S資訊管理大樓],[5-10分鐘],,[S資訊管理大樓],[5-10分鐘],","[CC資訊網路大樓],[5-10分鐘],,[CC資訊網路大樓],[5-10分鐘],","[不在學校],x,,[不在學校],x,",資訊學院
2,"[S資訊管理大樓],[5-10分鐘],,[S資訊管理大樓],[5-10分鐘],","[AA科技大樓],[5-10分鐘],,[AA科技大樓],[5-10分鐘],","[AA科技大樓],[5-10分鐘],,[AA科技大樓],[5-10分鐘],","[不在學校],x,,[不在學校],x,","[不在學校],x,,[不在學校],x,",資訊學院
0,"[AA科技大樓],[5-10分鐘],","[EE綜合教學大樓],[5-10分鐘],","[AA科技大樓],[5-10分鐘],","[EE綜合教學大樓],[5-10分鐘],","[EE綜合教學大樓],[5-10分鐘],",資訊學院
1,"[AA科技大樓],[0-5分鐘],","[AA科技大樓],[0-5分鐘],","[S資訊管理大樓],[0-5分鐘],","[S資訊管理大樓],[0-5分鐘],","[S資訊管理大樓],[0-5分鐘],",資訊學院
2,"x,x,x,x","x,x,x,x","x,x,x,x","x,x,x,x","x,x,x,x",資訊學院
0,"[AA科技大樓],[5-10分鐘],","[EE綜合教學大樓],[0-5分鐘],","[S資訊管理大樓],[0-5分鐘],","[EE綜合教學大樓],[0-5分鐘],","[不在學校],",資訊學院
1,"[CC資訊網路大樓],[0-5分鐘],","[EE綜合教學大樓],[0-5分鐘],","[S資訊管理大樓],[0-5分鐘],","[EE綜合教學大樓],[0-5分鐘],","[AA科技大樓],[5-10分鐘],",資訊學院
2,"[不在學校],,[不在學校],","[不在學校],,[不在學校],","[不在學校],,[不在學校],","[不在學校],,[不在學校],","[不在學校],,[不在學校],,",資訊學院
0,"[不在學校],x,","[AA科技大樓],[5-10分鐘],","[AA科技大樓],[0-5分鐘],","[EE綜合教學大樓],[5-10分鐘],","[不在學校],",資訊學院
1,"[EE綜合教學大樓],[0-5分鐘],,[CC資訊網路大樓],[0-5分鐘],","[AA科技大樓],[0-5分鐘],","[S資訊管理大樓],[0-5分鐘],","[不在學校],","[不在學校],",資訊學院
2,"[CC資訊網路大樓],[0-5分鐘],","[不在學校],","[S資訊管理大樓],[0-5分鐘],","[不在學校],","[不在學校],,",資訊學院
0,"[CC資訊網路大樓],[0-5分鐘],","[AA科技大樓],[0-5分鐘],","[AA科技大樓],[0-5分鐘],","[EE綜合教學大樓],[0-5分鐘],","[不在學校],",資訊學院
1,"[CC資訊網路大樓],[0-5分鐘],","[AA科技大樓],[0-5分鐘],","[S資訊管理大樓],[0-5分鐘],","[EE綜合教學大樓],[0-5分鐘],","[不在學校],x,",資訊學院
2,"[S資訊管理大樓],[0-5分鐘],","[不在學校],x,","[不在學校],x,","[不在學校],x,","[不在學校],x,,",資訊學院
0,"[不在學校],","[體育一館],[0-5分鐘],","[AA科技大樓],[0-5分鐘],","[AA科技大樓],[0-5分鐘],","[不在學校],",資訊學院
1,"[EE綜合教學大樓],[0-5分鐘],,[AA科技大樓],[0-5分鐘],","[EE綜合教學大樓],[0-5分鐘],,[CC資訊網路大樓],[0-5分鐘],","[S資訊管理大樓],[0-5分鐘],,[S資訊管理大樓],[0-5分鐘],","[M設計大樓],[0-5分鐘],,[EE綜合教學大樓],[0-5分鐘],","[不在學校],",資訊學院
2,"[S資訊管理大樓],[0-5分鐘],","[不在學校],","[AA科技大樓],[0-5分鐘],","[不在學校],","[不在學校],,",資訊學院
0,"[EE綜合教學大樓],[5-10分鐘],,[S資訊管理大樓],[5-10分鐘],","[EE綜合教學大樓],[5-10分鐘],,[操場],[5-10分鐘],","[CC資訊網路大樓],[5-10分鐘],,[S資訊管理大樓],[5-10分鐘],","[AA科技大樓],[5-10分鐘],,[S資訊管理大樓],[5-10分鐘],","[EE綜合教學大樓],[5-10分鐘],,[S資訊管理大樓],[5-10分鐘],",資訊學院
1,"[S資訊管理大樓],[5-10分鐘],,[S資訊管理大樓],[5-10分鐘],","[EE綜合教學大樓],[5-10分鐘],,[S資訊管理大樓],[5-10分鐘],","[S資訊管理大樓],[5-10分鐘],,[S資訊管理大樓],[5-10分鐘],","[S資訊管理大樓],[5-10分鐘],,[S資訊管理大樓],[5-10分鐘],","[學校宿舍],[5-10分鐘],,[學校宿舍],[5-10分鐘],",資訊學院
2,"x,,x,","x,,x,","x,,x,","x,,x,","x,,x,,",資訊學院
0,"[EE綜合教學大樓],[0-5分鐘],,[S資訊管理大樓],[5-10分鐘],","[AA科技大樓],[0-5分鐘],,[S資訊管理大樓],[5-10分鐘],","[AA科技大樓],[0-5分鐘],,[S資訊管理大樓],[5-10分鐘],","[EE綜合教學大樓],[0-5分鐘],,[二餐],[5-10分鐘],","[不在學校],",資訊學院
1,"[AA科技大樓],[5-10分鐘],,[AA科技大樓],[5-10分鐘],","[AA科技大樓],[5-10分鐘],,[AA科技大樓],[5-10分鐘],","[AA科技大樓],[5-10分鐘],,[AA科技大樓],[5-10分鐘],","[二餐],[5-10分鐘],,[二餐],[5-10分鐘],","[不在學校],,[不在學校],",資訊學院
2,"[AA科技大樓],[0-5分鐘],,[不在學校],","[AA科技大樓],[0-5分鐘],,[不在學校],","[S資訊管理大樓],[0-5分鐘],,[不在學校],","[不在學校],x,,[不在學校],","[不在學校],x,,[不在學校],,",資訊學院
0,"[不在學校],","x,","[AA科技大樓],[0-5分鐘],","[AA科技大樓],[0-5分鐘],","[不在學校],",資訊學院
1,"[S資訊管理大樓],[5-10分鐘],","[不在學校],","[S資訊管理大樓],[5-10分鐘],","[CC資訊網路大樓],[0-5分鐘],","[不在學校],",資訊學院
2,"[不在學校],,[不在學校],","[不在學校],,[不在學校],","[不在學校],,[不在學校],","[不在學校],,[不在學校],","[不在學校],,[不在學校],,",資訊學院
0,"[不在學校],,[Q行政大樓OR圖書館],[0-5分鐘],","[EE綜合教學大樓],[0-5分鐘],,[不在學校],","[AA科技大樓],[0-5分鐘],,[不在學校],","[CC資訊網路大樓],[0-5分鐘],,[EE綜合教學大樓],[0-5分鐘],","[AA科技大樓],[10-15分鐘],,[不在學校],",資訊學院
1,"[CC資訊網路大樓],[0-5分鐘],,[不在學校],","[Q行政大樓OR圖書館],[0-5分鐘],,[不在學校],","[S資訊管理大樓],[5-10分鐘],,[不在學校],","[AA科技大樓],[5-10分鐘],,[不在學校],","[Q行政大樓OR圖書館],[0-5分鐘],,[不在學校],",資訊學院
2,"[Q行政大樓OR圖書館],[0-5分鐘],","[Q行政大樓OR圖書館],[0-5分鐘],","[Q行政大樓OR圖書館],[0-5分鐘],","[Q行政大樓OR圖書館],[0-5分鐘],","[Q行政大樓OR圖書館],[0-5分鐘],,幾點,6-7時,",資訊學院
0,"[AA科技大樓],[5-10分鐘],,[AA科技大樓],[5-10分鐘],","[AA科技大樓],[5-10分鐘],,[不在學校],x,","[AA科技大樓],[5-10分鐘],,[不在學校],x,","[AA科技大樓],[5-10分鐘],,[AA科技大樓],[5-10分鐘],","[AA科技大樓],[5-10分鐘],,[AA科技大樓],[5-10分鐘],",資訊學院
1,"[AA科技大樓],[5-10分鐘],,[AA科技大樓],[5-10分鐘],","[AA科技大樓],[5-10分鐘],,[AA科技大樓],[5-10分鐘],","[AA科技大樓],[5-10分鐘],,[AA科技大樓],[5-10分鐘],","[AA科技大樓],[5-10分鐘],,[AA科技大樓],[5-10分鐘],","[AA科技大樓],[5-10分鐘],,[AA科技大樓],[5-10分鐘],",資訊學院
2,"[AA科技大樓],[5-10分鐘],,[AA科技大樓],[5-10分鐘],","[AA科技大樓],[5-10分鐘],,[AA科技大樓],[5-10分鐘],","[AA科技大樓],[5-10分鐘],,[AA科技大樓],[5-10分鐘],","[AA科技大樓],[5-10分鐘],,[AA科技大樓],[5-10分鐘],","[AA科技大樓],[5-10分鐘],,[AA科技大樓],[5-10分鐘],",資訊學院
0,"[不在學校],","[CC資訊網路大樓],[0-5分鐘],","[AA科技大樓],[0-5分鐘],","[EE綜合教學大樓],[0-5分鐘],","[EE綜合教學大樓],[0-5分鐘],",資訊學院
1,"[S資訊管理大樓],[0-5分鐘],","[S資訊管理大樓],[0-5分鐘],","x,","x,","x,",資訊學院
2,"x,x,x,x","x,x,x,x","x,x,x,x","x,x,x,x","x,x,x,x",資訊學院
0,"[AA科技大樓],[0-5分鐘],,[S資訊管理大樓],[0-5分鐘],","[不在學校],x,","x,,[S資訊管理大樓],[0-5分鐘],","x,,[S資訊管理大樓],[0-5分鐘],","x,,[S資訊管理大樓],[0-5分鐘],",資訊學院
1,"[不在學校],x,,[不在學校],x,","[不在學校],x,,[不在學校],x,","[不在學校],x,,[不在學校],x,","[不在學校],x,,[不在學校],x,","[不在學校],x,,[不在學校],x,",資訊學院
2,"[不在學校],x,,[操場],[0-5分鐘],","[不在學校],x,,[操場],[0-5分鐘],","[不在學校],x,,[操場],[0-5分鐘],","[不在學校],x,,[操場],[0-5分鐘],","[不在學校],x,,[操場],[0-5分鐘],",資訊學院
0,"[AA科技大樓],[0-5分鐘],,[S資訊管理大樓],[0-5分鐘],","[AA科技大樓],[5-10分鐘],,[S資訊管理大樓],[5-10分鐘],","[AA科技大樓],[0-5分鐘],,[S資訊管理大樓],[0-5分鐘],","[S資訊管理大樓],[10-15分鐘],,[S資訊管理大樓],[0-5分鐘],","[EE綜合教學大樓],[0-5分鐘],,[S資訊管理大樓],[0-5分鐘],",資訊學院
1,"[S資訊管理大樓],[0-5分鐘],,[S資訊管理大樓],[0-5分鐘],","[S資訊管理大樓],[5-10分鐘],,[S資訊管理大樓],[5-10分鐘],","[S資訊管理大樓],[0-5分鐘],,[S資訊管理大樓],[0-5分鐘],","[S資訊管理大樓],[10-15分鐘],,[S資訊管理大樓],[10-15分鐘],","[S資訊管理大樓],[0-5分鐘],,[S資訊管理大樓],[0-5分鐘],",資訊學院
2,"[不在學校],x,,[不在學校],x,","[不在學校],x,,[不在學校],x,","[S資訊管理大樓],[0-5分鐘],,[不在學校],x,","[不在學校],x,,[不在學校],x,","[不在學校],x,,[不在學校],x,",資訊學院
0,"[AA科技大樓],[0-5分鐘],,[S資訊管理大樓],[0-5分鐘],","[不在學校],,[不在學校],","[不在學校],,[不在學校],","[EE綜合教學大樓],[0-5分鐘],,[體育一館],[0-5分鐘],","[不在學校],,[不在學校],",資訊學院
1,"[AA科技大樓],[0-5分鐘],","[AA科技大樓],[0-5分鐘],","[S資訊管理大樓],[0-5分鐘],","[EE綜合教學大樓],[0-5分鐘],","[不在學校],",資訊學院
2,"[CC資訊網路大樓],[0-5分鐘],x,","[AA科技大樓],[0-5分鐘],x,","[S資訊管理大樓],[0-5分鐘],x,","[不在學校],","[不在學校],,",資訊學院
0,"[AA科技大樓],[0-5分鐘],","[AA科技大樓],[0-5分鐘],","[AA科技大樓],[0-5分鐘],","[EE綜合教學大樓],[0-5分鐘],","[EE綜合教學大樓],[0-5分鐘],",資訊學院
1,"[AA科技大樓],[0-5分鐘],,[CC資訊網路大樓],[0-5分鐘],","[AA科技大樓],[0-5分鐘],","[AA科技大樓],[0-5分鐘],,[AA科技大樓],[0-5分鐘],","[AA科技大樓],[0-5分鐘],,[AA科技大樓],[0-5分鐘],","[EE綜合教學大樓],[5-10分鐘],",資訊學院
2,"[CC資訊網路大樓],[0-5分鐘],","[AA科技大樓],[0-5分鐘],","[S資訊管理大樓],[0-5分鐘],","[S資訊管理大樓],[0-5分鐘],","[EE綜合教學大樓],[5-10分鐘],,",資訊學院
0,"[AA科技大樓],[0-5分鐘],,[S資訊管理大樓],[0-5分鐘],","[AA科技大樓],[0-5分鐘],x,x,","[AA科技大樓],[0-5分鐘],,[S資訊管理大樓],[0-5分鐘],","[EE綜合教學大樓],[0-5分鐘],x,x,","[EE綜合教學大樓],[0-5分鐘],x,x,",資訊學院
1,"x,x,x,x","x,x,x,x","[S資訊管理大樓],[0-5分鐘],x,","[S資訊管理大樓],[0-5分鐘],x,","[S資訊管理大樓],[0-5分鐘],x,",資訊學院
2,"x,x,x,x","x,x,x,x","[S資訊管理大樓],[5-10分鐘],","[S資訊管理大樓],[5-10分鐘],","[S資訊管理大樓],[5-10分鐘],",資訊學院
0,"[AA科技大樓],[0-5分鐘],,[不在學校],x,","[EE綜合教學大樓],[0-5分鐘],,[不在學校],x,","[不在學校],,[不在學校],x,","[EE綜合教學大樓],[5-10分鐘],,[不在學校],x,","[不在學校],,[不在學校],x,",資訊學院
1,"[P觀光語文大樓],[5-10分鐘],,[不在學校],x,","[AA科技大樓],[5-10分鐘],,[不在學校],x,","[AA科技大樓],[5-10分鐘],,[不在學校],x,","[室外籃球場],[5-10分鐘],,[不在學校],x,","[不在學校],,[不在學校],x,",資訊學院
2,"[CC資訊網路大樓],[5-10分鐘],","[不在學校],x,","[S資訊管理大樓],[5-10分鐘],","[不在學校],x,","[不在學校],x,,",資訊學院
0,"[不在學校],,[不在學校],x,","[EE綜合教學大樓],[0-5分鐘],,[S資訊管理大樓],[0-5分鐘],","[AA科技大樓],[0-5分鐘],,[AA科技大樓],[0-5分鐘],","[EE綜合教學大樓],[0-5分鐘],,[CC資訊網路大樓],[0-5分鐘],","[不在學校],,[不在學校],x,",資訊學院
1,"[不在學校],x,","[S資訊管理大樓],[0-5分鐘],","[AA科技大樓],[0-5分鐘],","[EE綜合教學大樓],[0-5分鐘],","[EE綜合教學大樓],[0-5分鐘],",資訊學院
2,"[CC資訊網路大樓],[0-5分鐘],","[AA科技大樓],[0-5分鐘],","[S資訊管理大樓],[0-5分鐘],","[不在學校],x,","[不在學校],x,,",資訊學院
0,"[EE綜合教學大樓],[0-5分鐘],,[CC資訊網路大樓],[0-5分鐘],","[AA科技大樓],[0-5分鐘],,[AA科技大樓],[0-5分鐘],","[AA科技大樓],[0-5分鐘],,[AA科技大樓],[0-5分鐘],","[EE綜合教學大樓],[0-5分鐘],,[EE綜合教學大樓],[0-5分鐘],","[EE綜合教學大樓],[0-5分鐘],,[EE綜合教學大樓],[0-5分鐘],",資訊學院
1,"[CC資訊網路大樓],[0-5分鐘],,[CC資訊網路大樓],[0-5分鐘],","[不在學校],x,,[不在學校],x,","[S資訊管理大樓],[0-5分鐘],,[AA科技大樓],[0-5分鐘],","[EE綜合教學大樓],[0-5分鐘],,[EE綜合教學大樓],[0-5分鐘],","[不在學校],x,,[不在學校],x,",資訊學院
2,"[操場],[0-5分鐘],,[不在學校],x,","[室外籃球場],[0-5分鐘],,[體育二館],[0-5分鐘],","[體育一館],[0-5分鐘],,[三餐],[0-5分鐘],","[室外籃球場],[0-5分鐘],,[操場],[0-5分鐘],","[體育一館],[0-5分鐘],,[一餐],[0-5分鐘],",資訊學院
0,"[EE綜合教學大樓],[0-5分鐘],","[不在學校],","[不在學校],","[不在學校],","[S資訊管理大樓],[0-5分鐘],",資訊學院
1,"[AA科技大樓],[0-5分鐘],","[AA科技大樓],[0-5分鐘],","[AA科技大樓],[0-5分鐘],","[AA科技大樓],[0-5分鐘],","[不在學校],",資訊學院
2,"[不在學校],","[AA科技大樓],[0-5分鐘],","[S資訊管理大樓],[0-5分鐘],","[不在學校],","[不在學校],,",資訊學院
0,"[AA科技大樓],[5-10分鐘],","x,","[AA科技大樓],[5-10分鐘],","[S資訊管理大樓],[5-10分鐘],","[S資訊管理大樓],[5-10分鐘],,",資訊學院
1,"[S資訊管理大樓],[5-10分鐘],","[AA科技大樓],[5-10分鐘],","[S資訊管理大樓],[5-10分鐘],","[AA科技大樓],[5-10分鐘],","[AA科技大樓],[5-10分鐘],",資訊學院
2,"[CC資訊網路大樓],[5-10分鐘],","[AA科技大樓],[5-10分鐘],","[AA科技大樓],[5-10分鐘],","[AA科技大樓],[5-10分鐘],","[AA科技大樓],[5-10分鐘],",資訊學院
0,"x,x,x,x","x,x,x,x","[S資訊管理大樓],[5-10分鐘],","[S資訊管理大樓],[5-10分鐘],","[S資訊管理大樓],[5-10分鐘],",資訊學院
1,"[CC資訊網路大樓],[10-15分鐘],","[CC資訊網路大樓],[10-15分鐘],","[CC資訊網路大樓],[10-15分鐘],","[CC資訊網路大樓],[10-15分鐘],,[AA科技大樓],[5-10分鐘],","[CC資訊網路大樓],[10-15分鐘],,[AA科技大樓],[5-10分鐘],",資訊學院
2,"[S資訊管理大樓],[0-5分鐘],","[S資訊管理大樓],[0-5分鐘],","[S資訊管理大樓],[0-5分鐘],","[AA科技大樓],[0-5分鐘],","[AA科技大樓],[0-5分鐘],",資訊學院
0,"[S資訊管理大樓],[0-5分鐘],,[AA科技大樓],[0-5分鐘],","[不在學校],x,","[EE綜合教學大樓],[0-5分鐘],,[AA科技大樓],[0-5分鐘],","[S資訊管理大樓],[0-5分鐘],,[AA科技大樓],[0-5分鐘],","[AA科技大樓],[0-5分鐘],,x,",資訊學院
1,"[S資訊管理大樓],[0-5分鐘],,[不在學校],x,","[不在學校],x,,[不在學校],x,","[不在學校],x,,[不在學校],x,","[不在學校],x,,[不在學校],x,","[不在學校],x,,[不在學校],x,",資訊學院
2,"[不在學校],x,,[不在學校],x,","[不在學校],x,,[不在學校],x,","[不在學校],x,,[不在學校],x,","[不在學校],x,,[不在學校],x,","[不在學校],x,,[不在學校],x,",資訊學院
0,"[S資訊管理大樓],[5-10分鐘],","[AA科技大樓],[5-10分鐘],","[AA科技大樓],[0-5分鐘],","[CC資訊網路大樓],[10-15分鐘],,[CC資訊網路大樓],[0-5分鐘],","[EE綜合教學大樓],[10-15分鐘],",資訊學院
1,"[CC資訊網路大樓],[5-10分鐘],","[CC資訊網路大樓],[5-10分鐘],,[EE綜合教學大樓],[5-10分鐘],","[S資訊管理大樓],[0-5分鐘],","[操場],[0-5分鐘],","[EE綜合教學大樓],[10-15分鐘],",資訊學院
2,"[EE綜合教學大樓],[0-5分鐘],","[不在學校],","[不在學校],","[不在學校],","[不在學校],,",資訊學院
0,"[不在學校],","[EE綜合教學大樓],[0-5分鐘],","[EE綜合教學大樓],[5-10分鐘],","[P觀光語文大樓],[0-5分鐘],","[P觀光語文大樓],[0-5分鐘],",觀光學院
1,"[不在學校],","[P觀光語文大樓],[0-5分鐘],","[不在學校],","[P觀光語文大樓],[0-5分鐘],","[不在學校],",觀光學院
2,"[不在學校],","[P觀光語文大樓],[0-5分鐘],","[不在學校],","[不在學校],","[不在學校],,",觀光學院
0,"[S資訊管理大樓],[0-5分鐘],","[EE綜合教學大樓],[5-10分鐘],,[S資訊管理大樓],[0-5分鐘],","[EE綜合教學大樓],[5-10分鐘],","[S資訊管理大樓],[0-5分鐘],","[S資訊管理大樓],[0-5分鐘],",資訊學院
1,"[AA科技大樓],[0-5分鐘],,[不在學校],","[S資訊管理大樓],[0-5分鐘],,[不在學校],","[不在學校],,[不在學校],","[不在學校],,[不在學校],","[不在學校],,[不在學校],",資訊學院
2,"[不在學校],,[不在學校],","[不在學校],,[不在學校],","[不在學校],,[不在學校],","[不在學校],,[不在學校],","[不在學校],,[不在學校],,",資訊學院
0,"[AA科技大樓],[0-5分鐘],,x,","[AA科技大樓],[0-5分鐘],,x,","[AA科技大樓],[0-5分鐘],,x,","[AA科技大樓],[0-5分鐘],,x,","[不在學校],,[不在學校],",健康科技學院
1,"[AA科技大樓],[0-5分鐘],,[AA科技大樓],[0-5分鐘],","[AA科技大樓],[0-5分鐘],,[AA科技大樓],[0-5分鐘],","[CC資訊網路大樓],[0-5分鐘],,[CC資訊網路大樓],[0-5分鐘],","[EE綜合教學大樓],[0-5分鐘],,[EE綜合教學大樓],[0-5分鐘],","[不在學校],,[不在學校],",健康科技學院
2,"[不在學校],x,,[AA科技大樓],[0-5分鐘],","[不在學校],x,,[AA科技大樓],[0-5分鐘],","[不在學校],x,,[AA科技大樓],[0-5分鐘],","[P觀光語文大樓],[0-5分鐘],,[P觀光語文大樓],[0-5分鐘],","[不在學校],,[不在學校],,",健康科技學院
0,"[不在學校],","[M設計大樓],[0-5分鐘],,[CC資訊網路大樓],[5-10分鐘],","[不在學校],","[不在學校],","[不在學校],",資訊學院
1,"[不在學校],,[不在學校],","[不在學校],,[不在學校],","[不在學校],,[不在學校],","[不在學校],,[不在學校],","[不在學校],,[不在學校],",資訊學院
2,"[不在學校],,[不在學校],","[不在學校],,[不在學校],","[不在學校],,[不在學校],","[不在學校],,[不在學校],","[不在學校],,",資訊學院
0,"[EE綜合教學大樓],[0-5分鐘],,[Q行政大樓OR圖書館],[0-5分鐘],","[EE綜合教學大樓],[0-5分鐘],","[EE綜合教學大樓],[0-5分鐘],","[M設計大樓],[5-10分鐘],","[Q行政大樓OR圖書館],[0-5分鐘],,",資訊學院
1,"x,x,x,x","[S資訊管理大樓],[0-5分鐘],","[S資訊管理大樓],[0-5分鐘],","[S資訊管理大樓],[5-10分鐘],","[S資訊管理大樓],[5-10分鐘],",資訊學院
2,"x,x,x,x","x,x,x,x","[S資訊管理大樓],[0-5分鐘],,[Q行政大樓OR圖書館],[0-5分鐘],","[S資訊管理大樓],[0-5分鐘],,[Q行政大樓OR圖書館],[0-5分鐘],","[S資訊管理大樓],[0-5分鐘],,[Q行政大樓OR圖書館],[0-5分鐘],",資訊學院
0,"[不在學校],","[不在學校],","[BB社科大樓],[0-5分鐘],","[不在學校],","[不在學校],",社會科學院
1,"[不在學校],","[不在學校],","[EE綜合教學大樓],[0-5分鐘],","[BB社科大樓],[0-5分鐘],","[不在學校],",社會科學院
2,"[不在學校],","[不在學校],","[不在學校],","[不在學校],","[不在學校],,",社會科學院
0,"[M設計大樓],[0-5分鐘],,[不在學校],x,","[M設計大樓],[0-5分鐘],,[不在學校],x,","[M設計大樓],[0-5分鐘],,[不在學校],x,","[M設計大樓],[0-5分鐘],,[不在學校],x,","[M設計大樓],[0-5分鐘],,[不在學校],x,",設計學院
1,"[M設計大樓],[0-5分鐘],,[不在學校],x,","[M設計大樓],[0-5分鐘],,[不在學校],x,","[M設計大樓],[0-5分鐘],,[不在學校],x,","[M設計大樓],[0-5分鐘],,[不在學校],x,","[M設計大樓],[0-5分鐘],,[不在學校],x,",設計學院
2,"[不在學校],,[不在學校],x,","[不在學校],,[不在學校],x,","[不在學校],,[不在學校],x,","[不在學校],,[不在學校],x,","[不在學校],,[不在學校],x,,",設計學院
0,"[EE綜合教學大樓],[5-10分鐘],","[EE綜合教學大樓],[5-10分鐘],","[EE綜合教學大樓],[5-10分鐘],","[EE綜合教學大樓],[5-10分鐘],,[M設計大樓],[5-10分鐘],","[EE綜合教學大樓],[5-10分鐘],,[M設計大樓],[5-10分鐘],",教育暨應用語文學院
1,"[EE綜合教學大樓],[5-10分鐘],","[EE綜合教學大樓],[5-10分鐘],,[M設計大樓],[5-10分鐘],","[EE綜合教學大樓],[5-10分鐘],,[M設計大樓],[5-10分鐘],","[EE綜合教學大樓],[5-10分鐘],","[EE綜合教學大樓],[5-10分鐘],",教育暨應用語文學院
2,"x,x,x,x","x,x,x,x","[S資訊管理大樓],[0-5分鐘],","[S資訊管理大樓],[0-5分鐘],","[S資訊管理大樓],[0-5分鐘],",教育暨應用語文學院
0,"[M設計大樓],[5-10分鐘],,[M設計大樓],[5-10分鐘],","[M設計大樓],[5-10分鐘],,[不在學校],x,","[M設計大樓],[5-10分鐘],,[M設計大樓],[5-10分鐘],","[M設計大樓],[5-10分鐘],,[不在學校],x,","[M設計大樓],[5-10分鐘],,[M設計大樓],[5-10分鐘],",設計學院
1,"[M設計大樓],[5-10分鐘],,[EE綜合教學大樓],[5-10分鐘],","[體育一館],[5-10分鐘],,[Q行政大樓OR圖書館],[5-10分鐘],","[M設計大樓],[5-10分鐘],,[EE綜合教學大樓],[5-10分鐘],","[M設計大樓],[5-10分鐘],,[Q行政大樓OR圖書館],[5-10分鐘],","[M設計大樓],[5-10分鐘],,[Q行政大樓OR圖書館],[5-10分鐘],",設計學院
2,"[不在學校],x,,[不在學校],x,","[不在學校],x,,[不在學校],x,","[不在學校],x,,[不在學校],x,","[不在學校],x,,[不在學校],x,","[不在學校],x,,[不在學校],x,",設計學院
0,"[學校宿舍],[0-5分鐘],","[學校宿舍],[0-5分鐘],","[學校宿舍],[0-5分鐘],","[EE綜合教學大樓],[0-5分鐘],","[AA科技大樓],[0-5分鐘],",健康科技學院
1,"[學校宿舍],[0-5分鐘],","[學校宿舍],[0-5分鐘],","[學校宿舍],[0-5分鐘],","[EE綜合教學大樓],[5-10分鐘],","[不在學校],",健康科技學院
2,"[學校宿舍],[0-5分鐘],","[學校宿舍],[0-5分鐘],","[學校宿舍],[0-5分鐘],","[學校宿舍],[0-5分鐘],","[不在學校],,",健康科技學院
0,"[不在學校],","[不在學校],","[BB社科大樓],[0-5分鐘],","[BB社科大樓],[0-5分鐘],","[不在學校],",社會科學院
1,"[EE綜合教學大樓],[5-10分鐘],,[CC資訊網路大樓],[0-5分鐘],","[BB社科大樓],[0-5分鐘],","[不在學校],","[BB社科大樓],[0-5分鐘],","[不在學校],",社會科學院
2,"[不在學校],,[不在學校],","[不在學校],,[不在學校],","[不在學校],,[不在學校],","[不在學校],,[不在學校],","[不在學校],,[不在學校],,",社會科學院
0,"[S資訊管理大樓],[0-5分鐘],","[S資訊管理大樓],[5-10分鐘],","[不在學校],","[不在學校],","[S資訊管理大樓],[0-5分鐘],",資訊學院
1,"[S資訊管理大樓],[0-5分鐘],","[S資訊管理大樓],[0-5分鐘],","[S資訊管理大樓],[0-5分鐘],","[S資訊管理大樓],[0-5分鐘],","[S資訊管理大樓],[0-5分鐘],",資訊學院
2,"[S資訊管理大樓],[0-5分鐘],","[S資訊管理大樓],[0-5分鐘],","[S資訊管理大樓],[0-5分鐘],","[S資訊管理大樓],[0-5分鐘],","x,,",資訊學院
0,"[AA科技大樓],[10-15分鐘],,[S資訊管理大樓],[5-10分鐘],","[AA科技大樓],[10-15分鐘],,[S資訊管理大樓],[5-10分鐘],","[AA科技大樓],[10-15分鐘],,[S資訊管理大樓],[5-10分鐘],","[AA科技大樓],[10-15分鐘],,[S資訊管理大樓],[5-10分鐘],","[AA科技大樓],[10-15分鐘],,[S資訊管理大樓],[5-10分鐘],",資訊學院
1,"[AA科技大樓],[5-10分鐘],,[S資訊管理大樓],[5-10分鐘],","[AA科技大樓],[5-10分鐘],,[S資訊管理大樓],[5-10分鐘],","[AA科技大樓],[5-10分鐘],,[S資訊管理大樓],[5-10分鐘],","[AA科技大樓],[5-10分鐘],,[S資訊管理大樓],[5-10分鐘],","[AA科技大樓],[5-10分鐘],,[S資訊管理大樓],[5-10分鐘],",資訊學院
2,"[不在學校],,[不在學校],","[不在學校],,[不在學校],","[不在學校],,[不在學校],","[不在學校],,[不在學校],","[不在學校],,[不在學校],,",資訊學院
0,"[S資訊管理大樓],[0-5分鐘],","[S資訊管理大樓],[0-5分鐘],","[S資訊管理大樓],[0-5分鐘],","[S資訊管理大樓],[0-5分鐘],","[S資訊管理大樓],[0-5分鐘],",資訊學院
1,"[S資訊管理大樓],[0-5分鐘],","[S資訊管理大樓],[0-5分鐘],","[S資訊管理大樓],[0-5分鐘],","[S資訊管理大樓],[0-5分鐘],","[S資訊管理大樓],[0-5分鐘],,",資訊學院
2,"x,x,x,x","x,x,x,x","x,x,x,x","x,x,x,x","x,x,x,x",資訊學院
0,"[EE綜合教學大樓],[5-10分鐘],","[EE綜合教學大樓],[5-10分鐘],","[S資訊管理大樓],[0-5分鐘],","[S資訊管理大樓],[0-5分鐘],","[S資訊管理大樓],[0-5分鐘],",金融科技學院
1,"[S資訊管理大樓],[0-5分鐘],","[CC資訊網路大樓],[0-5分鐘],","[S資訊管理大樓],[0-5分鐘],","[S資訊管理大樓],[0-5分鐘],","[S資訊管理大樓],[0-5分鐘],",金融科技學院
2,"[不在學校],","[體育一館],[5-10分鐘],","[S資訊管理大樓],[0-5分鐘],","[不在學校],","[不在學校],,",金融科技學院
0,"[S資訊管理大樓],[0-5分鐘],,[二餐],[0-5分鐘],","[S資訊管理大樓],[0-5分鐘],,[二餐],[0-5分鐘],","[不在學校],,[不在學校],","[S資訊管理大樓],[0-5分鐘],,[二餐],[0-5分鐘],","[S資訊管理大樓],[0-5分鐘],,[Q行政大樓OR圖書館],[0-5分鐘],",金融科技學院
1,"[EE綜合教學大樓],[0-5分鐘],","[EE綜合教學大樓],[0-5分鐘],,[CC資訊網路大樓],[0-5分鐘],","[S資訊管理大樓],[0-5分鐘],","[S資訊管理大樓],[0-5分鐘],","[不在學校],x,",金融科技學院
2,"[Q行政大樓OR圖書館],[0-5分鐘],","[Q行政大樓OR圖書館],[0-5分鐘],","[Q行政大樓OR圖書館],[0-5分鐘],","[Q行政大樓OR圖書館],[0-5分鐘],","[不在學校],,",金融科技學院
0,"[EE綜合教學大樓],[0-5分鐘],,[CC資訊網路大樓],[0-5分鐘],","[M設計大樓],[0-5分鐘],","[M設計大樓],[0-5分鐘],,[P觀光語文大樓],[0-5分鐘],","[M設計大樓],[0-5分鐘],,[P觀光語文大樓],[0-5分鐘],","[M設計大樓],[0-5分鐘],,[P觀光語文大樓],[0-5分鐘],",設計學院
1,"[M設計大樓],[0-5分鐘],,[二餐],[0-5分鐘],","[M設計大樓],[0-5分鐘],","[M設計大樓],[0-5分鐘],,[一餐],[0-5分鐘],","[M設計大樓],[0-5分鐘],,[一餐],[0-5分鐘],","[M設計大樓],[0-5分鐘],,[一餐],[0-5分鐘],",設計學院
2,"[不在學校],,[不在學校],","[不在學校],,[不在學校],","[不在學校],,[不在學校],","[不在學校],,[不在學校],","[不在學校],,[不在學校],,",設計學院
0,"[P觀光語文大樓],[5-10分鐘],","[M設計大樓],[0-5分鐘],","[M設計大樓],[0-5分鐘],","[M設計大樓],[0-5分鐘],","[不在學校],x,",設計學院
1,"[M設計大樓],[0-5分鐘],","[M設計大樓],[0-5分鐘],","[M設計大樓],[0-5分鐘],","[M設計大樓],[0-5分鐘],","[不在學校],x,",設計學院
2,"[M設計大樓],[0-5分鐘],","[M設計大樓],[0-5分鐘],","[不在學校],x,","[不在學校],x,","[不在學校],x,,",設計學院
0,"[不在學校],","[不在學校],","[BB社科大樓],[0-5分鐘],","[不在學校],","[不在學校],",社會科學院
1,"[不在學校],","[不在學校],","[EE綜合教學大樓],[0-5分鐘],","[BB社科大樓],[0-5分鐘],","[不在學校],",社會科學院
2,"[不在學校],","[不在學校],","[不在學校],","[不在學校],","[不在學校],,",社會科學院
0,"[M設計大樓],[5-10分鐘],,[不在學校],","[M設計大樓],[5-10分鐘],","[M設計大樓],[5-10分鐘],","[M設計大樓],[5-10分鐘],","[不在學校],",設計學院
1,"[不在學校],","[不在學校],","[M設計大樓],[5-10分鐘],","[M設計大樓],[5-10分鐘],","[不在學校],",設計學院
2,"[不在學校],","x,","[M設計大樓],[5-10分鐘],,[不在學校],","[不在學校],x,,[不在學校],","[不在學校],,",設計學院
0,"[S資訊管理大樓],[5-10分鐘],,[AA科技大樓],[0-5分鐘],","[S資訊管理大樓],[5-10分鐘],,[AA科技大樓],[0-5分鐘],","[S資訊管理大樓],[5-10分鐘],,[AA科技大樓],[0-5分鐘],","[S資訊管理大樓],[5-10分鐘],,[AA科技大樓],[0-5分鐘],","[S資訊管理大樓],[5-10分鐘],,[AA科技大樓],[0-5分鐘],",資訊學院
1,"[S資訊管理大樓],[5-10分鐘],,[AA科技大樓],[5-10分鐘],","[S資訊管理大樓],[5-10分鐘],,[AA科技大樓],[5-10分鐘],","[S資訊管理大樓],[5-10分鐘],,[AA科技大樓],[5-10分鐘],","[S資訊管理大樓],[5-10分鐘],,[AA科技大樓],[5-10分鐘],","[S資訊管理大樓],[5-10分鐘],,[AA科技大樓],[5-10分鐘],",資訊學院
2,"[不在學校],","[體育一館],[0-5分鐘],","[不在學校],","[體育一館],[0-5分鐘],","[不在學校],,",資訊學院
0,"[CC資訊網路大樓],[0-5分鐘],","[EE綜合教學大樓],[0-5分鐘],","[P觀光語文大樓],[0-5分鐘],","[P觀光語文大樓],[0-5分鐘],","[室外籃球場],[0-5分鐘],",教育暨應用語文學院
1,"[EE綜合教學大樓],[0-5分鐘],","[EE綜合教學大樓],[0-5分鐘],","[不在學校],x,","[不在學校],","[不在學校],,",教育暨應用語文學院
2,"[S資訊管理大樓],[0-5分鐘],","[S資訊管理大樓],[0-5分鐘],","[S資訊管理大樓],[0-5分鐘],","[S資訊管理大樓],[0-5分鐘],","[S資訊管理大樓],[0-5分鐘],",教育暨應用語文學院
0,"[M設計大樓],[5-10分鐘],","[M設計大樓],[5-10分鐘],","[M設計大樓],[5-10分鐘],,[EE綜合教學大樓],[15-20分鐘],","[不在學校],","[不在學校],",設計學院
1,"[M設計大樓],[5-10分鐘],","[M設計大樓],[5-10分鐘],","[不在學校],","[不在學校],","[不在學校],",設計學院
2,"[M設計大樓],[5-10分鐘],","[M設計大樓],[5-10分鐘],","[不在學校],","[不在學校],","[不在學校],,",設計學院
0,"[不在學校],","[M設計大樓],[0-5分鐘],","[M設計大樓],[0-5分鐘],","[M設計大樓],[0-5分鐘],","x,",設計學院
1,"[不在學校],","[M設計大樓],[0-5分鐘],","[M設計大樓],[0-5分鐘],","[M設計大樓],[0-5分鐘],","[不在學校],",設計學院
2,"[不在學校],","[不在學校],","[不在學校],","[不在學校],","[不在學校],,",設計學院
0,"[S資訊管理大樓],[5-10分鐘],","[BB社科大樓],[5-10分鐘],","[EE綜合教學大樓],[5-10分鐘],,[體育一館],[0-5分鐘],","[EE綜合教學大樓],[5-10分鐘],,[AA科技大樓],[5-10分鐘],","[EE綜合教學大樓],[5-10分鐘],,[AA科技大樓],[5-10分鐘],",社會科學院
1,"[BB社科大樓],[5-10分鐘],","[BB社科大樓],[5-10分鐘],","[BB社科大樓],[5-10分鐘],","[EE綜合教學大樓],[5-10分鐘],","[EE綜合教學大樓],[5-10分鐘],",社會科學院
2,"x,x,x,x","x,x,x,x","x,x,x,x","x,x,x,x","x,x,x,x",社會科學院
0,"[BB社科大樓],[10-15分鐘],,[BB社科大樓],[10-15分鐘],","[BB社科大樓],[10-15分鐘],,[BB社科大樓],[10-15分鐘],","[不在學校],,[不在學校],","[不在學校],,[不在學校],","[不在學校],,[不在學校],",社會科學院
1,"[BB社科大樓],[10-15分鐘],,[一餐],[10-15分鐘],","[BB社科大樓],[10-15分鐘],,[BB社科大樓],[10-15分鐘],","[EE綜合教學大樓],[0-5分鐘],,[S資訊管理大樓],[5-10分鐘],","[不在學校],,[不在學校],","[不在學校],,[不在學校],",社會科學院
2,"[BB社科大樓],[10-15分鐘],,[BB社科大樓],[10-15分鐘],","[不在學校],,[不在學校],","[不在學校],,[不在學校],","[不在學校],,[不在學校],","[不在學校],,[不在學校],,幾點,",社會科學院
0,"[EE綜合教學大樓],[10-15分鐘],,[CC資訊網路大樓],[5-10分鐘],","[M設計大樓],[10-15分鐘],,[M設計大樓],[5-10分鐘],","[M設計大樓],[10-15分鐘],,[M設計大樓],[5-10分鐘],","[學校宿舍],[0-5分鐘],,[學校宿舍],[0-5分鐘],","[學校宿舍],[0-5分鐘],,[學校宿舍],[0-5分鐘],",設計學院
1,"[學校宿舍],[0-5分鐘],","[學校宿舍],[0-5分鐘],","[M設計大樓],[5-10分鐘],","[體育一館],[0-5分鐘],","[M設計大樓],[5-10分鐘],",設計學院
2,"[學校宿舍],[0-5分鐘],","[學校宿舍],[0-5分鐘],","[學校宿舍],[0-5分鐘],","[學校宿舍],[0-5分鐘],","[學校宿舍],[0-5分鐘],,",設計學院
0,"[不在學校],,[不在學校],","[BB社科大樓],[5-10分鐘],,[BB社科大樓],[5-10分鐘],","[BB社科大樓],[5-10分鐘],,[BB社科大樓],[5-10分鐘],","[BB社科大樓],[5-10分鐘],,[BB社科大樓],[5-10分鐘],","[操場],[0-5分鐘],,[操場],[0-5分鐘],",社會科學院
1,"[EE綜合教學大樓],[5-10分鐘],,[M設計大樓],[0-5分鐘],","[EE綜合教學大樓],[5-10分鐘],,[EE綜合教學大樓],[5-10分鐘],","[BB社科大樓],[0-5分鐘],,[BB社科大樓],[0-5分鐘],","[EE綜合教學大樓],[5-10分鐘],,[體育二館],[0-5分鐘],","[不在學校],,[不在學校],",社會科學院
2,"[不在學校],,[不在學校],","[不在學校],,[不在學校],","[不在學校],,[不在學校],","[不在學校],,[不在學校],","[不在學校],,[不在學校],,",社會科學院
0,"x,x,x,x","[BB社科大樓],[5-10分鐘],","[BB社科大樓],[5-10分鐘],","[BB社科大樓],[5-10分鐘],,[P觀光語文大樓],[10-15分鐘],","[BB社科大樓],[5-10分鐘],,[P觀光語文大樓],[10-15分鐘],",社會科學院
1,"[CC資訊網路大樓],[10-15分鐘],","[CC資訊網路大樓],[10-15分鐘],","[CC資訊網路大樓],[10-15分鐘],","[EE綜合教學大樓],[10-15分鐘],","[EE綜合教學大樓],[10-15分鐘],",社會科學院
2,"x,x,x,x","x,x,x,x","x,x,x,x","x,x,x,x","x,x,x,x",社會科學院
0,"[不在學校],","[EE綜合教學大樓],[10-15分鐘],","[不在學校],","[AA科技大樓],[0-5分鐘],","[不在學校],",資訊學院
1,"[AA科技大樓],[0-5分鐘],","[AA科技大樓],[0-5分鐘],","[EE綜合教學大樓],[10-15分鐘],","[AA科技大樓],[0-5分鐘],","[S資訊管理大樓],[0-5分鐘],",資訊學院
2,"[不在學校],","[不在學校],","[S資訊管理大樓],[5-10分鐘],","[不在學校],","[不在學校],,",資訊學院
0,"[BB社科大樓],[0-5分鐘],,[BB社科大樓],[0-5分鐘],","[FF國際大樓],[10-15分鐘],,[AA科技大樓],[5-10分鐘],","x,,[S資訊管理大樓],[10-15分鐘],","[室外籃球場],[15-20分鐘],,[P觀光語文大樓],[15-20分鐘],","[體育一館],[20分鐘以上],,[EE綜合教學大樓],[20分鐘以上],",社會科學院
1,"[BB社科大樓],[0-5分鐘],,[BB社科大樓],[0-5分鐘],","[AA科技大樓],[5-10分鐘],,[AA科技大樓],[5-10分鐘],","[S資訊管理大樓],[10-15分鐘],,[S資訊管理大樓],[10-15分鐘],","[P觀光語文大樓],[15-20分鐘],,[P觀光語文大樓],[15-20分鐘],","[EE綜合教學大樓],[20分鐘以上],,[EE綜合教學大樓],[20分鐘以上],",社會科學院
2,"[BB社科大樓],[0-5分鐘],,[BB社科大樓],[0-5分鐘],","[AA科技大樓],[5-10分鐘],,[AA科技大樓],[5-10分鐘],","[S資訊管理大樓],[10-15分鐘],,[S資訊管理大樓],[10-15分鐘],","[P觀光語文大樓],[15-20分鐘],,[P觀光語文大樓],[15-20分鐘],","[EE綜合教學大樓],[20分鐘以上],,[EE綜合教學大樓],[20分鐘以上],",社會科學院
0,"[學校宿舍],[0-5分鐘],,[學校宿舍],[0-5分鐘],","[CC資訊網路大樓],[5-10分鐘],,[CC資訊網路大樓],[5-10分鐘],","[EE綜合教學大樓],[5-10分鐘],,[EE綜合教學大樓],[5-10分鐘],","[EE綜合教學大樓],[5-10分鐘],,[EE綜合教學大樓],[5-10分鐘],","[M設計大樓],[5-10分鐘],,[M設計大樓],[5-10分鐘],",觀光學院
1,"[EE綜合教學大樓],[5-10分鐘],,[EE綜合教學大樓],[5-10分鐘],","[EE綜合教學大樓],[5-10分鐘],,[EE綜合教學大樓],[5-10分鐘],","[EE綜合教學大樓],[5-10分鐘],,[EE綜合教學大樓],[5-10分鐘],","[EE綜合教學大樓],[5-10分鐘],,[EE綜合教學大樓],[5-10分鐘],","[不在學校],x,,[EE綜合教學大樓],[5-10分鐘],",觀光學院
2,"[不在學校],x,,[學校宿舍],[5-10分鐘],","[不在學校],x,,[學校宿舍],[5-10分鐘],","[不在學校],x,,[學校宿舍],[5-10分鐘],","[不在學校],x,,[學校宿舍],[5-10分鐘],","[不在學校],x,,[學校宿舍],[5-10分鐘],",觀光學院
0,"[EE綜合教學大樓],[5-10分鐘],x,","[S資訊管理大樓],[5-10分鐘],x,","[S資訊管理大樓],[5-10分鐘],x,","[M設計大樓],[5-10分鐘],x,","[EE綜合教學大樓],[10-15分鐘],,[CC資訊網路大樓],[10-15分鐘],",資訊學院
1,"[S資訊管理大樓],[0-5分鐘],","[S資訊管理大樓],[0-5分鐘],","[S資訊管理大樓],[0-5分鐘],","[S資訊管理大樓],[0-5分鐘],","[S資訊管理大樓],[0-5分鐘],",資訊學院
2,"[不在學校],","[不在學校],","[不在學校],","[不在學校],","[不在學校],,",資訊學院
0,"[EE綜合教學大樓],[0-5分鐘],","[EE綜合教學大樓],[0-5分鐘],","[EE綜合教學大樓],[0-5分鐘],","[EE綜合教學大樓],[0-5分鐘],","[EE綜合教學大樓],[0-5分鐘],",教育暨應用語文學院
1,"[EE綜合教學大樓],[0-5分鐘],","[EE綜合教學大樓],[0-5分鐘],","[不在學校],","[EE綜合教學大樓],[0-5分鐘],","[不在學校],",教育暨應用語文學院
2,"[不在學校],","[不在學校],","[不在學校],","[不在學校],","[不在學校],,",教育暨應用語文學院
0,"[M設計大樓],[0-5分鐘],,[M設計大樓],[0-5分鐘],","[M設計大樓],[0-5分鐘],,[M設計大樓],[0-5分鐘],","[M設計大樓],[0-5分鐘],,[M設計大樓],[0-5分鐘],","[M設計大樓],[0-5分鐘],,[M設計大樓],[0-5分鐘],","[不在學校],x,,[M設計大樓],[0-5分鐘],",設計學院
1,"[M設計大樓],[0-5分鐘],,[M設計大樓],[0-5分鐘],","[M設計大樓],[0-5分鐘],,[M設計大樓],[0-5分鐘],","[M設計大樓],[0-5分鐘],,[M設計大樓],[0-5分鐘],","[M設計大樓],[0-5分鐘],,[M設計大樓],[0-5分鐘],","[M設計大樓],[0-5分鐘],,[不在學校],x,",設計學院
2,"[M設計大樓],[0-5分鐘],,[M設計大樓],[0-5分鐘],","[M設計大樓],[0-5分鐘],,[M設計大樓],[0-5分鐘],","[M設計大樓],[0-5分鐘],,[M設計大樓],[0-5分鐘],","[M設計大樓],[0-5分鐘],,[M設計大樓],[0-5分鐘],","[不在學校],x,,[不在學校],x,",設計學院
0,"[P觀光語文大樓],[5-10分鐘],","[M設計大樓],[0-5分鐘],","[M設計大樓],[0-5分鐘],","[M設計大樓],[0-5分鐘],","[不在學校],x,",設計學院
1,"[M設計大樓],[0-5分鐘],","[M設計大樓],[0-5分鐘],","[M設計大樓],[0-5分鐘],","[M設計大樓],[0-5分鐘],","[不在學校],x,",設計學院
2,"[M設計大樓],[0-5分鐘],","[M設計大樓],[0-5分鐘],","[不在學校],x,","[不在學校],x,","[不在學校],x,,",設計學院
0,"[BB社科大樓],[5-10分鐘],,[學校宿舍],[0-5分鐘],","[P觀光語文大樓],[0-5分鐘],,[P觀光語文大樓],[0-5分鐘],","[S資訊管理大樓],[0-5分鐘],,[S資訊管理大樓],[0-5分鐘],","[學校宿舍],[0-5分鐘],","[學校宿舍],[0-5分鐘],",社會科學院
1,"[BB社科大樓],[5-10分鐘],,x,","[學校宿舍],[0-5分鐘],,x,","[學校宿舍],[0-5分鐘],,x,","[學校宿舍],[0-5分鐘],,x,","[學校宿舍],[0-5分鐘],,x,",社會科學院
2,"[學校宿舍],[0-5分鐘],","[學校宿舍],[0-5分鐘],","[學校宿舍],[0-5分鐘],","[操場],[0-5分鐘],,[學校宿舍],[0-5分鐘],","[操場],[0-5分鐘],,[學校宿舍],[0-5分鐘],",社會科學院
0,"[AA科技大樓],[0-5分鐘],,[AA科技大樓],[0-5分鐘],","[CC資訊網路大樓],[5-10分鐘],,[CC資訊網路大樓],[5-10分鐘],","[不在學校],,[不在學校],","[EE綜合教學大樓],[5-10分鐘],,[EE綜合教學大樓],[5-10分鐘],","[不在學校],",資訊學院
1,"[AA科技大樓],[0-5分鐘],,[AA科技大樓],[0-5分鐘],","[體育一館],[0-5分鐘],,[體育一館],[0-5分鐘],","[AA科技大樓],[0-5分鐘],,[AA科技大樓],[0-5分鐘],","[S資訊管理大樓],[0-5分鐘],,[S資訊管理大樓],[0-5分鐘],","[不在學校],",資訊學院
2,"[不在學校],,[不在學校],","[不在學校],,[不在學校],","[S資訊管理大樓],[0-5分鐘],,[S資訊管理大樓],[0-5分鐘],","[不在學校],,[不在學校],","[不在學校],,[不在學校],,",資訊學院
0,"[M設計大樓],[0-5分鐘],","[M設計大樓],[0-5分鐘],","[M設計大樓],[5-10分鐘],","[不在學校],","[不在學校],",設計學院
1,"[M設計大樓],[0-5分鐘],","[M設計大樓],[5-10分鐘],","[M設計大樓],[5-10分鐘],","[不在學校],","[不在學校],",設計學院
2,"[室外籃球場],[0-5分鐘],","[體育一館],[0-5分鐘],","[不在學校],","[不在學校],","[不在學校],,",設計學院
0,"[S資訊管理大樓],[5-10分鐘],,[S資訊管理大樓],[0-5分鐘],","[S資訊管理大樓],[5-10分鐘],,[S資訊管理大樓],[0-5分鐘],","[S資訊管理大樓],[5-10分鐘],,[S資訊管理大樓],[0-5分鐘],","[S資訊管理大樓],[5-10分鐘],,[S資訊管理大樓],[0-5分鐘],","[S資訊管理大樓],[5-10分鐘],,[S資訊管理大樓],[0-5分鐘],",資訊學院
1,"[S資訊管理大樓],[5-10分鐘],,[S資訊管理大樓],[5-10分鐘],","[S資訊管理大樓],[5-10分鐘],,[S資訊管理大樓],[5-10分鐘],","[S資訊管理大樓],[5-10分鐘],,[S資訊管理大樓],[5-10分鐘],","[S資訊管理大樓],[5-10分鐘],,[S資訊管理大樓],[5-10分鐘],","[S資訊管理大樓],[5-10分鐘],,[S資訊管理大樓],[5-10分鐘],",資訊學院
2,"[S資訊管理大樓],[5-10分鐘],,[S資訊管理大樓],[5-10分鐘],","[S資訊管理大樓],[5-10分鐘],,[S資訊管理大樓],[5-10分鐘],","[S資訊管理大樓],[5-10分鐘],,[S資訊管理大樓],[5-10分鐘],","[S資訊管理大樓],[5-10分鐘],,[S資訊管理大樓],[5-10分鐘],","[S資訊管理大樓],[5-10分鐘],,[S資訊管理大樓],[5-10分鐘],",資訊學院
0,"[EE綜合教學大樓],[0-5分鐘],,[EE綜合教學大樓],[0-5分鐘],","[EE綜合教學大樓],[0-5分鐘],,[EE綜合教學大樓],[0-5分鐘],","[EE綜合教學大樓],[0-5分鐘],,[EE綜合教學大樓],[0-5分鐘],","[Q行政大樓OR圖書館],[0-5分鐘],,[Q行政大樓OR圖書館],[0-5分鐘],","[Q行政大樓OR圖書館],[0-5分鐘],,[Q行政大樓OR圖書館],[0-5分鐘],",資訊學院
1,"[S資訊管理大樓],[0-5分鐘],,[一餐],[0-5分鐘],","[S資訊管理大樓],[0-5分鐘],,[一餐],[0-5分鐘],","[CC資訊網路大樓],[0-5分鐘],,[CC資訊網路大樓],[0-5分鐘],","[S資訊管理大樓],[0-5分鐘],,[體育一館],[0-5分鐘],","[Q行政大樓OR圖書館],[0-5分鐘],,[一餐],[0-5分鐘],",資訊學院
2,"[不在學校],,[不在學校],","[不在學校],,[不在學校],","[Q行政大樓OR圖書館],[0-5分鐘],,[不在學校],","[不在學校],,[不在學校],","[不在學校],,[不在學校],,",資訊學院
0,"[AA科技大樓],[5-10分鐘],","[BB社科大樓],[5-10分鐘],","[AA科技大樓],[5-10分鐘],","[AA科技大樓],[5-10分鐘],","[AA科技大樓],[5-10分鐘],",資訊學院
1,"[S資訊管理大樓],[5-10分鐘],","[AA科技大樓],[5-10分鐘],","[S資訊管理大樓],[5-10分鐘],","[S資訊管理大樓],[5-10分鐘],","[AA科技大樓],[5-10分鐘],,",資訊學院
2,"x,x,x,x","x,x,x,x","x,x,x,x","x,x,x,x","x,x,x,x",資訊學院
