,Unnamed: 0,星期一,星期二,星期三,星期四,星期五,major
0,0,"['[S資訊管理大樓]', '[0-5分鐘]', 'x', 'x']","['[EE綜合教學大樓]', '[0-5分鐘]', '[S資訊管理大樓]', '[0-5分鐘]']","['[EE綜合教學大樓]', '[5-10分鐘]', 'x', 'x']","['[S資訊管理大樓]', '[0-5分鐘]', 'x', 'x']","['[S資訊管理大樓]', '[0-5分鐘]', 'x', 'x']",資訊學院
1,1,"['[不在學校]', 'x', 'x', 'x']","['[S資訊管理大樓]', '[0-5分鐘]', 'x', 'x']","['[不在學校]', 'x', 'x', 'x']","['[不在學校]', 'x', 'x', 'x']","['[不在學校]', 'x', 'x', 'x']",資訊學院
2,2,"['[不在學校]', 'x', 'x', 'x']","['[不在學校]', 'x', 'x', 'x']","['[不在學校]', 'x', 'x', 'x']","['[不在學校]', 'x', 'x', 'x']","['[不在學校]', 'x', 'x', 'x']",資訊學院
3,0,"['[S資訊管理大樓]', '[0-5分鐘]', 'x', 'x']","['[S資訊管理大樓]', '[0-5分鐘]', 'x', 'x']","['[體育一館]', '[0-5分鐘]', 'x', 'x']","['[S資訊管理大樓]', '[0-5分鐘]', 'x', 'x']","['[S資訊管理大樓]', '[0-5分鐘]', 'x', 'x']",資訊學院
4,1,"['[體育一館]', '[0-5分鐘]', 'x', 'x']","['[M設計大樓]', '[0-5分鐘]', 'x', 'x']","['[M設計大樓]', '[0-5分鐘]', 'x', 'x']","['[體育一館]', '[0-5分鐘]', 'x', 'x']","['[體育一館]', '[0-5分鐘]', 'x', 'x']",資訊學院
5,2,"['[M設計大樓]', '[0-5分鐘]', 'x', 'x']","['[M設計大樓]', '[0-5分鐘]', 'x', 'x']","['[M設計大樓]', '[0-5分鐘]', 'x', 'x']","['[M設計大樓]', '[0-5分鐘]', 'x', 'x']","['[M設計大樓]', '[0-5分鐘]', 'x', 'x']",資訊學院
6,0,"['[S資訊管理大樓]', '[0-5分鐘]', 'x', 'x']","['[S資訊管理大樓]', '[0-5分鐘]', 'x', 'x']","['[S資訊管理大樓]', '[0-5分鐘]', 'x', 'x']","['[S資訊管理大樓]', '[0-5分鐘]', 'x', 'x']","['[S資訊管理大樓]', '[0-5分鐘]', 'x', 'x']",資訊學院
7,1,"['[S資訊管理大樓]', '[0-5分鐘]', '[體育一館]', '[0-5分鐘]']","['[S資訊管理大樓]', '[0-5分鐘]', '[體育一館]', '[0-5分鐘]']","['[S資訊管理大樓]', '[0-5分鐘]', '[體育一館]', '[0-5分鐘]']","['[S資訊管理大樓]', '[0-5分鐘]', '[體育一館]', '[0-5分鐘]']","['[S資訊管理大樓]', '[0-5分鐘]', '[體育一館]', '[0-5分鐘]']",資訊學院
8,2,"['x', 'x', 'x', 'x']","['x', 'x', 'x', 'x']","['x', 'x', 'x', 'x']","['x', 'x', 'x', 'x']","['x', 'x', 'x', 'x']",資訊學院
9,0,"['[AA科技大樓]', '[0-5分鐘]', 'x', 'x']","['[AA科技大樓]', '[0-5分鐘]', 'x', 'x']","['[S資訊管理大樓]', '[5-10分鐘]', 'x', 'x']","['[S資訊管理大樓]', '[5-10分鐘]', 'x', 'x']","['[AA科技大樓]', '[0-5分鐘]', 'x', 'x']",資訊學院
10,1,"['x', 'x', 'x', 'x']","['x', 'x', 'x', 'x']","['x', 'x', 'x', 'x']","['x', 'x', 'x', 'x']","['x', 'x', 'x', 'x']",資訊學院
11,2,"['x', 'x', 'x', 'x']","['x', 'x', 'x', 'x']","['x', 'x', 'x', 'x']","['x', 'x', 'x', 'x']","['x', 'x', 'x', 'x']",資訊學院
12,0,"['[AA科技大樓]', '[0-5分鐘]', 'x', 'x']","['[AA科技大樓]', '[0-5分鐘]', 'x', 'x']","['[AA科技大樓]', '[0-5分鐘]', 'x', 'x']","['[AA科技大樓]', '[0-5分鐘]', 'x', 'x']","['[AA科技大樓]', '[0-5分鐘]', 'x', 'x']",資訊學院
13,1,"['[AA科技大樓]', '[0-5分鐘]', '[Q行政大樓OR圖書館]', '[0-5分鐘]']","['[AA科技大樓]', '[0-5分鐘]', '[二餐]', '[0-5分鐘]']","['[AA科技大樓]', '[0-5分鐘]', '[二餐]', '[0-5分鐘]']","['[AA科技大樓]', '[0-5分鐘]', '[Q行政大樓OR圖書館]', '[0-5分鐘]']","['[AA科技大樓]', '[0-5分鐘]', '[Q行政大樓OR圖書館]', '[0-5分鐘]']",資訊學院
14,2,"['[不在學校]', 'x', 'x', 'x']","['[不在學校]', 'x', 'x', 'x']","['[不在學校]', 'x', 'x', 'x']","['[不在學校]', 'x', 'x', 'x']","['[不在學校]', 'x', 'x', 'x']",資訊學院
15,0,"['[AA科技大樓]', '[0-5分鐘]', 'x', 'x']","['[AA科技大樓]', '[0-5分鐘]', 'x', 'x']","['[S資訊管理大樓]', '[0-5分鐘]', '[EE綜合教學大樓]', '[0-5分鐘]']","['[S資訊管理大樓]', '[0-5分鐘]', '[EE綜合教學大樓]', '[0-5分鐘]']","['[AA科技大樓]', '[0-5分鐘]', 'x', 'x']",資訊學院
16,1,"['[S資訊管理大樓]', '[0-5分鐘]', 'x', 'x']","['[S資訊管理大樓]', '[0-5分鐘]', 'x', 'x']","['[S資訊管理大樓]', '[0-5分鐘]', 'x', 'x']","['[S資訊管理大樓]', '[0-5分鐘]', 'x', 'x']","['[S資訊管理大樓]', '[0-5分鐘]', 'x', 'x']",資訊學院
17,2,"['x', 'x', 'x', 'x']","['x', 'x', 'x', 'x']","['x', 'x', 'x', 'x']","['x', 'x', 'x', 'x']","['x', 'x', 'x', 'x']",資訊學院
18,0,"['[EE綜合教學大樓]', '[5-10分鐘]', '[AA科技大樓]', '[5-10分鐘]']","['[S資訊管理大樓]', '[5-10分鐘]', '[AA科技大樓]', '[5-10分鐘]']","['[EE綜合教學大樓]', '[5-10分鐘]', '[AA科技大樓]', '[5-10分鐘]']","['[EE綜合教學大樓]', '[5-10分鐘]', '[AA科技大樓]', '[5-10分鐘]']","['[EE綜合教學大樓]', '[5-10分鐘]', '[AA科技大樓]', '[5-10分鐘]']",資訊學院
19,1,"['[S資訊管理大樓]', '[5-10分鐘]', 'x', 'x']","['[AA科技大樓]', '[5-10分鐘]', 'x', 'x']","['[S資訊管理大樓]', '[5-10分鐘]', 'x', 'x']","['[S資訊管理大樓]', '[5-10分鐘]', 'x', 'x']","['[S資訊管理大樓]', '[5-10分鐘]', 'x', 'x']",資訊學院
20,2,"['[不在學校]', '[不在學校]', 'x', 'x']","['[不在學校]', '[不在學校]', 'x', 'x']","['[不在學校]', '[不在學校]', 'x', 'x']","['[不在學校]', '[不在學校]', 'x', 'x']","['[不在學校]', '[不在學校]', 'x', 'x']",資訊學院
21,0,"['[不在學校]', 'x', '[S資訊管理大樓]', '[5-10分鐘]']","['[不在學校]', 'x', '[S資訊管理大樓]', '[5-10分鐘]']","['[不在學校]', 'x', '[S資訊管理大樓]', '[5-10分鐘]']","['[不在學校]', 'x', '[S資訊管理大樓]', '[5-10分鐘]']","['[不在學校]', 'x', '[S資訊管理大樓]', '[5-10分鐘]']",資訊學院
22,1,"['[AA科技大樓]', '[5-10分鐘]', 'x', 'x']","['[AA科技大樓]', '[5-10分鐘]', 'x', 'x']","['[AA科技大樓]', '[5-10分鐘]', 'x', 'x']","['[AA科技大樓]', '[5-10分鐘]', 'x', 'x']","['[AA科技大樓]', '[5-10分鐘]', 'x', 'x']",資訊學院
23,2,"['[不在學校]', 'x', 'x', 'x']","['[不在學校]', 'x', 'x', 'x']","['[不在學校]', 'x', 'x', 'x']","['[不在學校]', 'x', 'x', 'x']","['[不在學校]', 'x', 'x', 'x']",資訊學院
24,0,"['[S資訊管理大樓]', '[0-5分鐘]', 'x', 'x']","['x', 'x', 'x', 'x']","['[EE綜合教學大樓]', '[0-5分鐘]', 'x', 'x']","['[EE綜合教學大樓]', '[0-5分鐘]', 'x', 'x']","['[S資訊管理大樓]', '[0-5分鐘]', 'x', 'x']",資訊學院
25,1,"['[S資訊管理大樓]', '[0-5分鐘]', 'x', 'x']","['[S資訊管理大樓]', '[0-5分鐘]', 'x', 'x']","['[S資訊管理大樓]', '[0-5分鐘]', 'x', 'x']","['[S資訊管理大樓]', '[0-5分鐘]', 'x', 'x']","['[S資訊管理大樓]', '[0-5分鐘]', 'x', 'x']",資訊學院
26,2,"['[不在學校]', 'x', 'x', 'x']","['[不在學校]', 'x', 'x', 'x']","['[不在學校]', 'x', 'x', 'x']","['[不在學校]', 'x', 'x', 'x']","['[不在學校]', 'x', 'x', 'x']",資訊學院
27,0,"['[S資訊管理大樓]', '[0-5分鐘]', 'x', 'x']","['[EE綜合教學大樓]', '[5-10分鐘]', 'x', 'x']","['[EE綜合教學大樓]', '[5-10分鐘]', 'x', 'x']","['[S資訊管理大樓]', '[0-5分鐘]', 'x', 'x']","['[S資訊管理大樓]', '[0-5分鐘]', 'x', 'x']",資訊學院
28,1,"['[不在學校]', 'x', 'x', 'x']","['[S資訊管理大樓]', '[0-5分鐘]', 'x', 'x']","['[不在學校]', 'x', 'x', 'x']","['[不在學校]', 'x', 'x', 'x']","['[不在學校]', 'x', 'x', 'x']",資訊學院
29,2,"['[不在學校]', 'x', 'x', 'x']","['[不在學校]', 'x', 'x', 'x']","['[不在學校]', 'x', 'x', 'x']","['[不在學校]', 'x', 'x', 'x']","['[不在學校]', 'x', 'x', 'x']",資訊學院
30,0,"['[S資訊管理大樓]', '[0-5分鐘]', 'x', 'x']","['[EE綜合教學大樓]', '[5-10分鐘]', 'x', 'x']","['[EE綜合教學大樓]', '[5-10分鐘]', 'x', 'x']","['[S資訊管理大樓]', '[0-5分鐘]', 'x', 'x']","['[S資訊管理大樓]', '[0-5分鐘]', 'x', 'x']",資訊學院
31,1,"['[不在學校]', 'x', 'x', 'x']","['[S資訊管理大樓]', '[0-5分鐘]', 'x', 'x']","['[不在學校]', 'x', 'x', 'x']","['[不在學校]', 'x', 'x', 'x']","['[不在學校]', 'x', 'x', 'x']",資訊學院
32,2,"['[不在學校]', 'x', 'x', 'x']","['[不在學校]', 'x', 'x', 'x']","['[不在學校]', 'x', 'x', 'x']","['[不在學校]', 'x', 'x', 'x']","['[不在學校]', 'x', 'x', 'x']",資訊學院
33,0,"['[S資訊管理大樓]', '[0-5分鐘]', '[AA科技大樓]', '[0-5分鐘]']","['[S資訊管理大樓]', '[0-5分鐘]', '[AA科技大樓]', '[0-5分鐘]']","['[S資訊管理大樓]', '[0-5分鐘]', '[AA科技大樓]', '[0-5分鐘]']","['[S資訊管理大樓]', '[0-5分鐘]', '[AA科技大樓]', '[0-5分鐘]']","['[S資訊管理大樓]', '[0-5分鐘]', '[AA科技大樓]', '[0-5分鐘]']",資訊學院
34,1,"['[二餐]', '[0-5分鐘]', '[不在學校]', 'x']","['[二餐]', '[0-5分鐘]', '[不在學校]', 'x']","['[二餐]', '[0-5分鐘]', '[不在學校]', 'x']","['[二餐]', '[0-5分鐘]', '[不在學校]', 'x']","['[二餐]', '[0-5分鐘]', '[不在學校]', 'x']",資訊學院
35,2,"['[不在學校]', '[AA科技大樓]', '[0-5分鐘]', 'x']","['[不在學校]', '[AA科技大樓]', '[0-5分鐘]', 'x']","['[不在學校]', '[AA科技大樓]', '[0-5分鐘]', 'x']","['[不在學校]', '[AA科技大樓]', '[0-5分鐘]', 'x']","['[不在學校]', '[AA科技大樓]', '[0-5分鐘]', 'x']",資訊學院
36,0,"['[不在學校]', '[不在學校]', 'x', 'x']","['[S資訊管理大樓]', '[0-5分鐘]', '[S資訊管理大樓]', '[0-5分鐘]']","['[不在學校]', '[不在學校]', 'x', 'x']","['[S資訊管理大樓]', '[0-5分鐘]', '[S資訊管理大樓]', '[0-5分鐘]']","['[不在學校]', '[不在學校]', 'x', 'x']",資訊學院
37,1,"['[不在學校]', '[不在學校]', 'x', 'x']","['[S資訊管理大樓]', '[5-10分鐘]', '[S資訊管理大樓]', '[0-5分鐘]']","['[不在學校]', '[不在學校]', 'x', 'x']","['[S資訊管理大樓]', '[5-10分鐘]', '[不在學校]', 'x']","['[不在學校]', '[不在學校]', 'x', 'x']",資訊學院
38,2,"['[不在學校]', '[不在學校]', 'x', 'x']","['[不在學校]', '[不在學校]', 'x', 'x']","['[不在學校]', '[不在學校]', 'x', 'x']","['[不在學校]', '[不在學校]', 'x', 'x']","['[不在學校]', '[不在學校]', 'x', 'x']",資訊學院
39,0,"['x', 'x', 'x', 'x']","['[P觀光語文大樓]', '[5-10分鐘]', '[S資訊管理大樓]', '[5-10分鐘]']","['[S資訊管理大樓]', '[10-15分鐘]', '[P觀光語文大樓]', '[10-15分鐘]']","['x', 'x', 'x', 'x']","['x', 'x', 'x', 'x']",資訊學院
40,1,"['[AA科技大樓]', '[5-10分鐘]', '[AA科技大樓]', '[5-10分鐘]']","['[AA科技大樓]', '[5-10分鐘]', '[AA科技大樓]', '[5-10分鐘]']","['[AA科技大樓]', '[5-10分鐘]', '[AA科技大樓]', '[5-10分鐘]']","['[AA科技大樓]', '[5-10分鐘]', '[AA科技大樓]', '[5-10分鐘]']","['[AA科技大樓]', '[5-10分鐘]', '[AA科技大樓]', '[5-10分鐘]']",資訊學院
41,2,"['[P觀光語文大樓]', '[5-10分鐘]', 'x', 'x']","['[AA科技大樓]', '[10-15分鐘]', '[EE綜合教學大樓]', '[10-15分鐘]']","['[P觀光語文大樓]', '[5-10分鐘]', 'x', 'x']","['[P觀光語文大樓]', '[5-10分鐘]', 'x', 'x']","['[P觀光語文大樓]', '[5-10分鐘]', 'x', 'x']",資訊學院
42,0,"['[不在學校]', 'x', 'x', 'x']","['[體育一館]', '[0-5分鐘]', 'x', 'x']","['[AA科技大樓]', '[0-5分鐘]', 'x', 'x']","['[AA科技大樓]', '[0-5分鐘]', 'x', 'x']","['[不在學校]', 'x', 'x', 'x']",資訊學院
43,1,"['[不在學校]', 'x', 'x', 'x']","['[EE綜合教學大樓]', '[0-5分鐘]', 'x', 'x']","['[S資訊管理大樓]', '[0-5分鐘]', 'x', 'x']","['[CC資訊網路大樓]', '[0-5分鐘]', 'x', 'x']","['[不在學校]', 'x', 'x', 'x']",資訊學院
44,2,"['[不在學校]', 'x', 'x', 'x']","['[不在學校]', 'x', 'x', 'x']","['[AA科技大樓]', '[0-5分鐘]', 'x', 'x']","['[不在學校]', 'x', 'x', 'x']","['[不在學校]', 'x', 'x', 'x']",資訊學院
45,0,"['[S資訊管理大樓]', '[5-10分鐘]', 'x', 'x']","['x', 'x', 'x', 'x']","['[AA科技大樓]', '[5-10分鐘]', 'x', 'x']","['[S資訊管理大樓]', '[5-10分鐘]', 'x', 'x']","['[S資訊管理大樓]', '[5-10分鐘]', 'x', 'x']",資訊學院
46,1,"['[S資訊管理大樓]', '[5-10分鐘]', 'x', 'x']","['[EE綜合教學大樓]', '[5-10分鐘]', '[CC資訊網路大樓]', '[10-15分鐘]']","['[S資訊管理大樓]', '[5-10分鐘]', 'x', 'x']","['[S資訊管理大樓]', '[5-10分鐘]', 'x', 'x']","['[S資訊管理大樓]', '[5-10分鐘]', 'x', 'x']",資訊學院
47,2,"['[AA科技大樓]', '[10-15分鐘]', 'x', 'x']","['[AA科技大樓]', '[10-15分鐘]', 'x', 'x']","['[AA科技大樓]', '[10-15分鐘]', 'x', 'x']","['[AA科技大樓]', '[10-15分鐘]', 'x', 'x']","['[AA科技大樓]', '[10-15分鐘]', 'x', 'x']",資訊學院
48,0,"['[EE綜合教學大樓]', '[0-5分鐘]', '[不在學校]', 'x']","['[室外籃球場]', '[0-5分鐘]', '[EE綜合教學大樓]', '[0-5分鐘]']","['[S資訊管理大樓]', '[0-5分鐘]', '[S資訊管理大樓]', '[0-5分鐘]']","['[AA科技大樓]', '[0-5分鐘]', '[AA科技大樓]', '[0-5分鐘]']","['[EE綜合教學大樓]', '[0-5分鐘]', '[不在學校]', 'x']",資訊學院
49,1,"['[不在學校]', 'x', '[不在學校]', 'x']","['[EE綜合教學大樓]', '[0-5分鐘]', '[EE綜合教學大樓]', '[0-5分鐘]']","['[S資訊管理大樓]', '[5-10分鐘]', '[AA科技大樓]', '[5-10分鐘]']","['[CC資訊網路大樓]', '[5-10分鐘]', '[CC資訊網路大樓]', '[5-10分鐘]']","['[不在學校]', 'x', '[不在學校]', 'x']",資訊學院
50,2,"['[不在學校]', '[不在學校]', 'x', 'x']","['[不在學校]', '[不在學校]', 'x', 'x']","['[AA科技大樓]', '[5-10分鐘]', '[不在學校]', 'x']","['[不在學校]', '[不在學校]', 'x', 'x']","['[不在學校]', '[不在學校]', 'x', 'x']",資訊學院
51,0,"['[S資訊管理大樓]', '[0-5分鐘]', 'x', 'x']","['[EE綜合教學大樓]', '[0-5分鐘]', 'x', 'x']","['[M設計大樓]', '[0-5分鐘]', '[二餐]', '[0-5分鐘]']","['[P觀光語文大樓]', '[0-5分鐘]', 'x', 'x']","['[S資訊管理大樓]', '[0-5分鐘]', 'x', 'x']",資訊學院
52,1,"['[AA科技大樓]', '[5-10分鐘]', '[BB社科大樓]', '[0-5分鐘]']","['[S資訊管理大樓]', '[0-5分鐘]', '[AA科技大樓]', '[5-10分鐘]']","['[AA科技大樓]', '[5-10分鐘]', '[BB社科大樓]', '[0-5分鐘]']","['[S資訊管理大樓]', '[0-5分鐘]', '[AA科技大樓]', '[5-10分鐘]']","['[AA科技大樓]', '[5-10分鐘]', '[BB社科大樓]', '[0-5分鐘]']",資訊學院
53,2,"['[不在學校]', 'x', '[不在學校]', 'x']","['[不在學校]', 'x', '[不在學校]', 'x']","['[不在學校]', 'x', '[不在學校]', 'x']","['[不在學校]', 'x', '[不在學校]', 'x']","['[不在學校]', 'x', '[不在學校]', 'x']",資訊學院
54,0,"['[S資訊管理大樓]', '[5-10分鐘]', 'x', 'x']","['[體育一館]', '[5-10分鐘]', 'x', 'x']","['[AA科技大樓]', '[5-10分鐘]', 'x', 'x']","['[AA科技大樓]', '[5-10分鐘]', 'x', 'x']","['[S資訊管理大樓]', '[5-10分鐘]', 'x', 'x']",資訊學院
55,1,"['[AA科技大樓]', '[5-10分鐘]', 'x', 'x']","['[AA科技大樓]', '[5-10分鐘]', 'x', 'x']","['[AA科技大樓]', '[5-10分鐘]', 'x', 'x']","['[AA科技大樓]', '[5-10分鐘]', 'x', 'x']","['[AA科技大樓]', '[5-10分鐘]', 'x', 'x']",資訊學院
56,2,"['[AA科技大樓]', '[5-10分鐘]', 'x', 'x']","['[AA科技大樓]', '[5-10分鐘]', 'x', 'x']","['[AA科技大樓]', '[5-10分鐘]', 'x', 'x']","['[AA科技大樓]', '[5-10分鐘]', 'x', 'x']","['[AA科技大樓]', '[5-10分鐘]', 'x', 'x']",資訊學院
57,0,"['[S資訊管理大樓]', '[5-10分鐘]', 'x', 'x']","['[體育一館]', '[0-5分鐘]', 'x', 'x']","['[AA科技大樓]', '[5-10分鐘]', 'x', 'x']","['[S資訊管理大樓]', '[5-10分鐘]', 'x', 'x']","['[S資訊管理大樓]', '[5-10分鐘]', 'x', 'x']",資訊學院
58,1,"['[不在學校]', 'x', 'x', 'x']","['[CC資訊網路大樓]', '[5-10分鐘]', '[AA科技大樓]', '[5-10分鐘]']","['[S資訊管理大樓]', '[5-10分鐘]', 'x', 'x']","['[AA科技大樓]', '[5-10分鐘]', 'x', 'x']","['[不在學校]', 'x', 'x', 'x']",資訊學院
59,2,"['[不在學校]', 'x', 'x', 'x']","['[不在學校]', 'x', 'x', 'x']","['[不在學校]', 'x', 'x', 'x']","['[不在學校]', 'x', 'x', 'x']","['[不在學校]', 'x', 'x', 'x']",資訊學院
60,0,"['[S資訊管理大樓]', '[0-5分鐘]', 'x', 'x']","['x', 'x', 'x', 'x']","['[EE綜合教學大樓]', '[0-5分鐘]', 'x', 'x']","['[S資訊管理大樓]', '[0-5分鐘]', 'x', 'x']","['[S資訊管理大樓]', '[0-5分鐘]', 'x', 'x']",資訊學院
61,1,"['[不在學校]', 'x', 'x', 'x']","['[CC資訊網路大樓]', '[0-5分鐘]', 'x', 'x']","['[S資訊管理大樓]', '[0-5分鐘]', 'x', 'x']","['[AA科技大樓]', '[0-5分鐘]', 'x', 'x']","['[不在學校]', 'x', 'x', 'x']",資訊學院
62,2,"['[不在學校]', 'x', 'x', 'x']","['[不在學校]', 'x', 'x', 'x']","['[CC資訊網路大樓]', '[0-5分鐘]', 'x', 'x']","['[不在學校]', 'x', 'x', 'x']","['[不在學校]', 'x', 'x', 'x']",資訊學院
63,0,"['[S資訊管理大樓]', '[5-10分鐘]', 'x', 'x']","['[體育一館]', '[0-5分鐘]', 'x', 'x']","['[體育一館]', '[0-5分鐘]', 'x', 'x']","['[S資訊管理大樓]', '[5-10分鐘]', 'x', 'x']","['[S資訊管理大樓]', '[5-10分鐘]', 'x', 'x']",資訊學院
64,1,"['[AA科技大樓]', '[5-10分鐘]', 'x', 'x']","['[EE綜合教學大樓]', '[0-5分鐘]', '[CC資訊網路大樓]', '[5-10分鐘]']","['[S資訊管理大樓]', '[5-10分鐘]', 'x', 'x']","['[AA科技大樓]', '[5-10分鐘]', 'x', 'x']","['[AA科技大樓]', '[5-10分鐘]', 'x', 'x']",資訊學院
65,2,"['[CC資訊網路大樓]', '[10-15分鐘]', 'x', 'x']","['[CC資訊網路大樓]', '[10-15分鐘]', 'x', 'x']","['[CC資訊網路大樓]', '[10-15分鐘]', 'x', 'x']","['[CC資訊網路大樓]', '[10-15分鐘]', 'x', 'x']","['[CC資訊網路大樓]', '[10-15分鐘]', 'x', 'x']",資訊學院
66,0,"['[AA科技大樓]', '[5-10分鐘]', '[S資訊管理大樓]', '[5-10分鐘]']","['[AA科技大樓]', '[5-10分鐘]', '[S資訊管理大樓]', '[5-10分鐘]']","['[AA科技大樓]', '[5-10分鐘]', '[AA科技大樓]', '[5-10分鐘]']","['[AA科技大樓]', '[5-10分鐘]', '[S資訊管理大樓]', '[5-10分鐘]']","['[AA科技大樓]', '[5-10分鐘]', '[S資訊管理大樓]', '[5-10分鐘]']",資訊學院
67,1,"['[不在學校]', 'x', '[不在學校]', 'x']","['[AA科技大樓]', '[5-10分鐘]', '[S資訊管理大樓]', '[5-10分鐘]']","['[AA科技大樓]', '[5-10分鐘]', '[AA科技大樓]', '[5-10分鐘]']","['[S資訊管理大樓]', '[5-10分鐘]', '[S資訊管理大樓]', '[5-10分鐘]']","['[不在學校]', 'x', '[不在學校]', 'x']",資訊學院
68,2,"['[不在學校]', 'x', '[不在學校]', 'x']","['[AA科技大樓]', '[5-10分鐘]', '[AA科技大樓]', '[5-10分鐘]']","['[不在學校]', 'x', '[不在學校]', 'x']","['[不在學校]', 'x', '[不在學校]', 'x']","['[不在學校]', 'x', '[不在學校]', 'x']",資訊學院
69,0,"['[S資訊管理大樓]', '[0-5分鐘]', '[S資訊管理大樓]', '[0-5分鐘]']","['[體育一館]', '[0-5分鐘]', '[AA科技大樓]', '[0-5分鐘]']","['[AA科技大樓]', '[5-10分鐘]', '[AA科技大樓]', '[5-10分鐘]']","['[S資訊管理大樓]', '[0-5分鐘]', '[AA科技大樓]', '[5-10分鐘]']","['[S資訊管理大樓]', '[0-5分鐘]', '[S資訊管理大樓]', '[0-5分鐘]']",資訊學院
70,1,"['[AA科技大樓]', '[0-5分鐘]', 'x', 'x']","['[EE綜合教學大樓]', '[0-5分鐘]', '[AA科技大樓]', '[0-5分鐘]']","['[S資訊管理大樓]', '[0-5分鐘]', 'x', 'x']","['[AA科技大樓]', '[0-5分鐘]', 'x', 'x']","['[AA科技大樓]', '[0-5分鐘]', 'x', 'x']",資訊學院
71,2,"['[AA科技大樓]', '[0-5分鐘]', 'x', 'x']","['[AA科技大樓]', '[0-5分鐘]', 'x', 'x']","['[AA科技大樓]', '[0-5分鐘]', 'x', 'x']","['[AA科技大樓]', '[0-5分鐘]', 'x', 'x']","['[AA科技大樓]', '[0-5分鐘]', 'x', 'x']",資訊學院
72,0,"['[S資訊管理大樓]', '[0-5分鐘]', '[S資訊管理大樓]', '[0-5分鐘]']","['[S資訊管理大樓]', '[10-15分鐘]', '[體育一館]', '[5-10分鐘]']","['[AA科技大樓]', '[5-10分鐘]', '[AA科技大樓]', '[0-5分鐘]']","['[AA科技大樓]', '[0-5分鐘]', '[S資訊管理大樓]', '[5-10分鐘]']","['[S資訊管理大樓]', '[0-5分鐘]', '[S資訊管理大樓]', '[0-5分鐘]']",資訊學院
73,1,"['[S資訊管理大樓]', '[0-5分鐘]', '[不在學校]', 'x']","['[CC資訊網路大樓]', '[0-5分鐘]', '[AA科技大樓]', '[0-5分鐘]']","['[S資訊管理大樓]', '[0-5分鐘]', '[S資訊管理大樓]', '[0-5分鐘]']","['[AA科技大樓]', '[0-5分鐘]', '[AA科技大樓]', '[0-5分鐘]']","['[S資訊管理大樓]', '[0-5分鐘]', '[不在學校]', 'x']",資訊學院
74,2,"['[不在學校]', 'x', 'x', 'x']","['[不在學校]', 'x', 'x', 'x']","['[不在學校]', 'x', 'x', 'x']","['x', 'x', 'x', 'x']","['[不在學校]', 'x', 'x', 'x']",資訊學院
75,0,"['[AA科技大樓]', '[0-5分鐘]', 'x', 'x']","['[體育一館]', '[0-5分鐘]', 'x', 'x']","['[S資訊管理大樓]', '[0-5分鐘]', 'x', 'x']","['[S資訊管理大樓]', '[0-5分鐘]', 'x', 'x']","['[AA科技大樓]', '[0-5分鐘]', 'x', 'x']",資訊學院
76,1,"['[不在學校]', 'x', 'x', 'x']","['[AA科技大樓]', '[0-5分鐘]', 'x', 'x']","['[S資訊管理大樓]', '[0-5分鐘]', 'x', 'x']","['[S資訊管理大樓]', '[0-5分鐘]', 'x', 'x']","['[不在學校]', 'x', 'x', 'x']",資訊學院
77,2,"['[不在學校]', 'x', 'x', 'x']","['[AA科技大樓]', '[0-5分鐘]', 'x', 'x']","['[不在學校]', 'x', 'x', 'x']","['[不在學校]', '[室外籃球場]', '[20分鐘以上]', 'x']","['[不在學校]', 'x', 'x', 'x']",資訊學院
78,0,"['[S資訊管理大樓]', '[10-15分鐘]', 'x', 'x']","['[體育一館]', '[10-15分鐘]', 'x', 'x']","['[S資訊管理大樓]', '[10-15分鐘]', 'x', 'x']","['[AA科技大樓]', '[10-15分鐘]', 'x', 'x']","['[S資訊管理大樓]', '[10-15分鐘]', 'x', 'x']",資訊學院
79,1,"['[AA科技大樓]', '[5-10分鐘]', 'x', 'x']","['[EE綜合教學大樓]', '[5-10分鐘]', 'x', 'x']","['[AA科技大樓]', '[5-10分鐘]', 'x', 'x']","['[AA科技大樓]', '[5-10分鐘]', 'x', 'x']","['[AA科技大樓]', '[5-10分鐘]', 'x', 'x']",資訊學院
80,2,"['[AA科技大樓]', '[10-15分鐘]', 'x', 'x']","['[CC資訊網路大樓]', '[10-15分鐘]', 'x', 'x']","['[AA科技大樓]', '[10-15分鐘]', 'x', 'x']","['[AA科技大樓]', '[10-15分鐘]', 'x', 'x']","['[AA科技大樓]', '[10-15分鐘]', 'x', 'x']",資訊學院
81,0,"['[S資訊管理大樓]', '[5-10分鐘]', '[S資訊管理大樓]', '[5-10分鐘]']","['[體育一館]', '[0-5分鐘]', '[體育一館]', '[5-10分鐘]']","['[AA科技大樓]', '[5-10分鐘]', '[AA科技大樓]', '[5-10分鐘]']","['[S資訊管理大樓]', '[5-10分鐘]', '[S資訊管理大樓]', '[5-10分鐘]']","['[S資訊管理大樓]', '[5-10分鐘]', '[S資訊管理大樓]', '[5-10分鐘]']",資訊學院
82,1,"['[不在學校]', 'x', 'x', 'x']","['[EE綜合教學大樓]', '[5-10分鐘]', '[CC資訊網路大樓]', '[5-10分鐘]']","['[S資訊管理大樓]', '[5-10分鐘]', '[S資訊管理大樓]', '[5-10分鐘]']","['[AA科技大樓]', '[5-10分鐘]', '[S資訊管理大樓]', '[5-10分鐘]']","['[不在學校]', 'x', 'x', 'x']",資訊學院
83,2,"['[不在學校]', 'x', '[不在學校]', 'x']","['[AA科技大樓]', '[5-10分鐘]', '[AA科技大樓]', '[5-10分鐘]']","['[不在學校]', 'x', '[不在學校]', 'x']","['[不在學校]', 'x', '[不在學校]', 'x']","['[不在學校]', 'x', '[不在學校]', 'x']",資訊學院
84,0,"['[S資訊管理大樓]', '[10-15分鐘]', 'x', 'x']","['x', 'x', 'x', 'x']","['[AA科技大樓]', '[10-15分鐘]', 'x', 'x']","['[S資訊管理大樓]', '[10-15分鐘]', 'x', 'x']","['[S資訊管理大樓]', '[10-15分鐘]', 'x', 'x']",資訊學院
85,1,"['[AA科技大樓]', '[5-10分鐘]', 'x', 'x']","['[EE綜合教學大樓]', '[0-5分鐘]', '[AA科技大樓]', '[5-10分鐘]']","['[S資訊管理大樓]', '[5-10分鐘]', 'x', 'x']","['[AA科技大樓]', '[5-10分鐘]', 'x', 'x']","['[AA科技大樓]', '[5-10分鐘]', 'x', 'x']",資訊學院
86,2,"['x', 'x', 'x', 'x']","['x', 'x', 'x', 'x']","['x', 'x', 'x', 'x']","['x', 'x', 'x', 'x']","['x', 'x', 'x', 'x']",資訊學院
87,0,"['[S資訊管理大樓]', '[0-5分鐘]', '[S資訊管理大樓]', '[0-5分鐘]']","['[體育一館]', '[0-5分鐘]', '[體育一館]', '[0-5分鐘]']","['[S資訊管理大樓]', '[0-5分鐘]', '[S資訊管理大樓]', '[0-5分鐘]']","['[S資訊管理大樓]', '[0-5分鐘]', '[S資訊管理大樓]', '[0-5分鐘]']","['[S資訊管理大樓]', '[0-5分鐘]', '[S資訊管理大樓]', '[0-5分鐘]']",資訊學院
88,1,"['[不在學校]', '[不在學校]', 'x', 'x']","['[AA科技大樓]', '[0-5分鐘]', '[EE綜合教學大樓]', '[0-5分鐘]']","['[S資訊管理大樓]', '[0-5分鐘]', '[S資訊管理大樓]', '[0-5分鐘]']","['[AA科技大樓]', '[0-5分鐘]', '[AA科技大樓]', '[0-5分鐘]']","['[不在學校]', '[不在學校]', 'x', 'x']",資訊學院
89,2,"['[不在學校]', '[不在學校]', 'x', 'x']","['[不在學校]', '[不在學校]', 'x', 'x']","['[不在學校]', '[不在學校]', 'x', 'x']","['[不在學校]', '[不在學校]', 'x', 'x']","['[不在學校]', '[不在學校]', 'x', 'x']",資訊學院
90,0,"['[S資訊管理大樓]', '[0-5分鐘]', 'x', '[0-5分鐘]']","['[體育一館]', '[0-5分鐘]', '[AA科技大樓]', '[0-5分鐘]']","['[AA科技大樓]', '[0-5分鐘]', '[AA科技大樓]', '[0-5分鐘]']","['[S資訊管理大樓]', '[0-5分鐘]', '[AA科技大樓]', '[0-5分鐘]']","['[S資訊管理大樓]', '[0-5分鐘]', 'x', '[0-5分鐘]']",資訊學院
91,1,"['[AA科技大樓]', '[0-5分鐘]', '[AA科技大樓]', '[0-5分鐘]']","['[AA科技大樓]', '[0-5分鐘]', '[AA科技大樓]', '[0-5分鐘]']","['[S資訊管理大樓]', '[0-5分鐘]', '[AA科技大樓]', '[0-5分鐘]']","['[AA科技大樓]', '[0-5分鐘]', '[AA科技大樓]', '[0-5分鐘]']","['[AA科技大樓]', '[0-5分鐘]', '[AA科技大樓]', '[0-5分鐘]']",資訊學院
92,2,"['[不在學校]', '[不在學校]', 'x', 'x']","['[不在學校]', '[不在學校]', 'x', 'x']","['[不在學校]', '[不在學校]', 'x', 'x']","['[不在學校]', '[不在學校]', 'x', 'x']","['[不在學校]', '[不在學校]', 'x', 'x']",資訊學院
93,0,"['[S資訊管理大樓]', '[5-10分鐘]', '[S資訊管理大樓]', '[5-10分鐘]']","['[體育一館]', '[0-5分鐘]', '[不在學校]', 'x']","['[AA科技大樓]', '[5-10分鐘]', '[S資訊管理大樓]', '[5-10分鐘]']","['[S資訊管理大樓]', '[0-5分鐘]', '[S資訊管理大樓]', '[0-5分鐘]']","['[S資訊管理大樓]', '[5-10分鐘]', '[S資訊管理大樓]', '[5-10分鐘]']",資訊學院
94,1,"['[EE綜合教學大樓]', '[5-10分鐘]', '[不在學校]', 'x']","['[CC資訊網路大樓]', '[5-10分鐘]', '[AA科技大樓]', '[5-10分鐘]']","['[S資訊管理大樓]', '[5-10分鐘]', '[不在學校]', 'x']","['[AA科技大樓]', '[5-10分鐘]', '[不在學校]', 'x']","['[EE綜合教學大樓]', '[5-10分鐘]', '[不在學校]', 'x']",資訊學院
95,2,"['[不在學校]', '[不在學校]', 'x', 'x']","['[不在學校]', '[不在學校]', 'x', 'x']","['[不在學校]', '[不在學校]', 'x', 'x']","['[不在學校]', '[不在學校]', 'x', 'x']","['[不在學校]', '[不在學校]', 'x', 'x']",資訊學院
96,0,"['[S資訊管理大樓]', '[10-15分鐘]', 'x', 'x']","['x', 'x', 'x', 'x']","['[AA科技大樓]', '[10-15分鐘]', 'x', 'x']","['[S資訊管理大樓]', '[10-15分鐘]', 'x', 'x']","['[S資訊管理大樓]', '[10-15分鐘]', 'x', 'x']",資訊學院
97,1,"['[AA科技大樓]', '[5-10分鐘]', 'x', 'x']","['[EE綜合教學大樓]', '[0-5分鐘]', '[AA科技大樓]', '[5-10分鐘]']","['[S資訊管理大樓]', '[5-10分鐘]', 'x', 'x']","['[AA科技大樓]', '[5-10分鐘]', 'x', 'x']","['[AA科技大樓]', '[5-10分鐘]', 'x', 'x']",資訊學院
98,2,"['x', 'x', 'x', 'x']","['x', 'x', 'x', 'x']","['x', 'x', 'x', 'x']","['x', 'x', 'x', 'x']","['x', 'x', 'x', 'x']",資訊學院
99,0,"['[S資訊管理大樓]', '[0-5分鐘]', 'x', 'x']","['[體育一館]', '[0-5分鐘]', 'x', 'x']","['[AA科技大樓]', '[0-5分鐘]', 'x', 'x']","['[S資訊管理大樓]', '[0-5分鐘]', 'x', 'x']","['[S資訊管理大樓]', '[0-5分鐘]', 'x', 'x']",資訊學院
100,1,"['[不在學校]', 'x', 'x', 'x']","['[S資訊管理大樓]', '[0-5分鐘]', '[CC資訊網路大樓]', '[0-5分鐘]']","['[S資訊管理大樓]', '[0-5分鐘]', 'x', 'x']","['[AA科技大樓]', '[0-5分鐘]', 'x', 'x']","['[不在學校]', 'x', 'x', 'x']",資訊學院
101,2,"['[不在學校]', 'x', 'x', 'x']","['[AA科技大樓]', '[0-5分鐘]', 'x', 'x']","['[不在學校]', 'x', 'x', 'x']","['[不在學校]', 'x', 'x', 'x']","['[不在學校]', 'x', 'x', 'x']",資訊學院
102,0,"['[S資訊管理大樓]', '[5-10分鐘]', '[體育一館]', '[5-10分鐘]']","['[體育一館]', '[5-10分鐘]', '[體育一館]', '[5-10分鐘]']","['[AA科技大樓]', '[5-10分鐘]', '[體育一館]', '[5-10分鐘]']","['[AA科技大樓]', '[5-10分鐘]', '[體育一館]', '[5-10分鐘]']","['[S資訊管理大樓]', '[5-10分鐘]', '[體育一館]', '[5-10分鐘]']",資訊學院
103,1,"['[不在學校]', 'x', '[不在學校]', 'x']","['[AA科技大樓]', '[5-10分鐘]', '[Q行政大樓OR圖書館]', '[5-10分鐘]']","['[AA科技大樓]', '[5-10分鐘]', '[S資訊管理大樓]', '[5-10分鐘]']","['[AA科技大樓]', '[5-10分鐘]', '[AA科技大樓]', '[5-10分鐘]']","['[不在學校]', 'x', '[不在學校]', 'x']",資訊學院
104,2,"['[不在學校]', 'x', '[不在學校]', 'x']","['[CC資訊網路大樓]', '[5-10分鐘]', '[CC資訊網路大樓]', '[5-10分鐘]']","['[不在學校]', 'x', '[不在學校]', 'x']","['[不在學校]', 'x', '[不在學校]', 'x']","['[不在學校]', 'x', '[不在學校]', 'x']",資訊學院
105,0,"['[S資訊管理大樓]', '[0-5分鐘]', '[S資訊管理大樓]', '[0-5分鐘]']","['[AA科技大樓]', '[0-5分鐘]', '[體育一館]', '[0-5分鐘]']","['[AA科技大樓]', '[0-5分鐘]', '[AA科技大樓]', '[0-5分鐘]']","['[AA科技大樓]', '[0-5分鐘]', '[S資訊管理大樓]', '[0-5分鐘]']","['[S資訊管理大樓]', '[0-5分鐘]', '[S資訊管理大樓]', '[0-5分鐘]']",資訊學院
106,1,"['[不在學校]', 'x', 'x', 'x']","['[AA科技大樓]', '[0-5分鐘]', 'x', 'x']","['[S資訊管理大樓]', '[0-5分鐘]', 'x', 'x']","['[AA科技大樓]', '[0-5分鐘]', 'x', 'x']","['[不在學校]', 'x', 'x', 'x']",資訊學院
107,2,"['[不在學校]', 'x', 'x', 'x']","['[AA科技大樓]', '[0-5分鐘]', 'x', 'x']","['[不在學校]', 'x', 'x', 'x']","['[不在學校]', 'x', 'x', 'x']","['[不在學校]', 'x', 'x', 'x']",資訊學院
108,0,"['[AA科技大樓]', '[0-5分鐘]', '[體育一館]', '[0-5分鐘]']","['[體育一館]', '[0-5分鐘]', '[體育一館]', '[0-5分鐘]']","['[S資訊管理大樓]', '[0-5分鐘]', '[體育一館]', '[0-5分鐘]']","['[AA科技大樓]', '[0-5分鐘]', '[體育一館]', '[0-5分鐘]']","['[AA科技大樓]', '[0-5分鐘]', '[體育一館]', '[0-5分鐘]']",資訊學院
109,1,"['[不在學校]', 'x', '[體育一館]', '[0-5分鐘]']","['[AA科技大樓]', '[0-5分鐘]', '[體育一館]', '[0-5分鐘]']","['[S資訊管理大樓]', '[0-5分鐘]', '[體育一館]', '[0-5分鐘]']","['[AA科技大樓]', '[0-5分鐘]', '[體育一館]', '[0-5分鐘]']","['[不在學校]', 'x', '[體育一館]', '[0-5分鐘]']",資訊學院
110,2,"['[不在學校]', '[不在學校]', 'x', 'x']","['[AA科技大樓]', '[0-5分鐘]', '[體育一館]', '[0-5分鐘]']","['[不在學校]', '[不在學校]', 'x', 'x']","['[不在學校]', '[不在學校]', 'x', 'x']","['[不在學校]', '[不在學校]', 'x', 'x']",資訊學院
111,0,"['[S資訊管理大樓]', '[0-5分鐘]', 'x', 'x']","['[EE綜合教學大樓]', '[0-5分鐘]', 'x', 'x']","['[AA科技大樓]', '[5-10分鐘]', 'x', 'x']","['[S資訊管理大樓]', '[0-5分鐘]', 'x', 'x']","['[S資訊管理大樓]', '[0-5分鐘]', 'x', 'x']",資訊學院
112,1,"['[不在學校]', 'x', 'x', 'x']","['[EE綜合教學大樓]', '[0-5分鐘]', 'x', 'x']","['[S資訊管理大樓]', '[0-5分鐘]', 'x', 'x']","['[AA科技大樓]', '[0-5分鐘]', 'x', 'x']","['[不在學校]', 'x', 'x', 'x']",資訊學院
113,2,"['[不在學校]', 'x', 'x', 'x']","['[AA科技大樓]', '[5-10分鐘]', 'x', 'x']","['[不在學校]', 'x', 'x', 'x']","['[不在學校]', 'x', 'x', 'x']","['[不在學校]', 'x', 'x', 'x']",資訊學院
114,0,"['[S資訊管理大樓]', '[0-5分鐘]', 'x', 'x']","['[EE綜合教學大樓]', '[0-5分鐘]', 'x', 'x']","['[不在學校]', 'x', 'x', 'x']","['[S資訊管理大樓]', '[0-5分鐘]', 'x', 'x']","['[S資訊管理大樓]', '[0-5分鐘]', 'x', 'x']",資訊學院
115,1,"['[不在學校]', 'x', 'x', 'x']","['[EE綜合教學大樓]', '[0-5分鐘]', 'x', 'x']","['[不在學校]', 'x', 'x', 'x']","['[AA科技大樓]', '[0-5分鐘]', 'x', 'x']","['[不在學校]', 'x', 'x', 'x']",資訊學院
116,2,"['[不在學校]', 'x', 'x', 'x']","['[CC資訊網路大樓]', '[0-5分鐘]', 'x', 'x']","['[不在學校]', 'x', 'x', 'x']","['[不在學校]', 'x', 'x', 'x']","['[不在學校]', 'x', 'x', 'x']",資訊學院
117,0,"['[S資訊管理大樓]', '[0-5分鐘]', '[S資訊管理大樓]', '[0-5分鐘]']","['[EE綜合教學大樓]', '[0-5分鐘]', '[CC資訊網路大樓]', '[0-5分鐘]']","['[EE綜合教學大樓]', '[0-5分鐘]', '[CC資訊網路大樓]', '[0-5分鐘]']","['[AA科技大樓]', '[0-5分鐘]', '[S資訊管理大樓]', '[0-5分鐘]']","['[S資訊管理大樓]', '[0-5分鐘]', '[S資訊管理大樓]', '[0-5分鐘]']",資訊學院
118,1,"['[AA科技大樓]', '[0-5分鐘]', '[AA科技大樓]', '[0-5分鐘]']","['[CC資訊網路大樓]', '[0-5分鐘]', '[EE綜合教學大樓]', '[0-5分鐘]']","['[CC資訊網路大樓]', '[0-5分鐘]', '[EE綜合教學大樓]', '[0-5分鐘]']","['[AA科技大樓]', '[0-5分鐘]', '[AA科技大樓]', '[0-5分鐘]']","['[AA科技大樓]', '[0-5分鐘]', '[AA科技大樓]', '[0-5分鐘]']",資訊學院
119,2,"['x', 'x', 'x', 'x']","['x', 'x', 'x', 'x']","['x', 'x', 'x', 'x']","['x', 'x', 'x', 'x']","['x', 'x', 'x', 'x']",資訊學院
120,0,"['[S資訊管理大樓]', '[0-5分鐘]', '[S資訊管理大樓]', '[0-5分鐘]']","['[S資訊管理大樓]', '[0-5分鐘]', '[S資訊管理大樓]', '[0-5分鐘]']","['[S資訊管理大樓]', '[0-5分鐘]', '[S資訊管理大樓]', '[0-5分鐘]']","['[S資訊管理大樓]', '[0-5分鐘]', '[S資訊管理大樓]', '[0-5分鐘]']","['[S資訊管理大樓]', '[0-5分鐘]', '[S資訊管理大樓]', '[0-5分鐘]']",資訊學院
121,1,"['[S資訊管理大樓]', '[0-5分鐘]', '[S資訊管理大樓]', '[0-5分鐘]']","['[S資訊管理大樓]', '[0-5分鐘]', '[S資訊管理大樓]', '[0-5分鐘]']","['[S資訊管理大樓]', '[0-5分鐘]', '[S資訊管理大樓]', '[0-5分鐘]']","['[S資訊管理大樓]', '[0-5分鐘]', '[S資訊管理大樓]', '[0-5分鐘]']","['[S資訊管理大樓]', '[0-5分鐘]', '[S資訊管理大樓]', '[0-5分鐘]']",資訊學院
122,2,"['[不在學校]', 'x', '[不在學校]', 'x']","['[不在學校]', 'x', '[不在學校]', 'x']","['[不在學校]', 'x', '[不在學校]', 'x']","['[不在學校]', 'x', '[不在學校]', 'x']","['[不在學校]', 'x', '[不在學校]', 'x']",資訊學院
123,0,"['[S資訊管理大樓]', '[5-10分鐘]', 'x', 'x']","['[體育一館]', '[5-10分鐘]', 'x', 'x']","['[AA科技大樓]', '[5-10分鐘]', 'x', 'x']","['[S資訊管理大樓]', '[5-10分鐘]', 'x', 'x']","['[S資訊管理大樓]', '[5-10分鐘]', 'x', 'x']",資訊學院
124,1,"['[AA科技大樓]', '[5-10分鐘]', 'x', 'x']","['[EE綜合教學大樓]', '[5-10分鐘]', '[CC資訊網路大樓]', '[0-5分鐘]']","['[S資訊管理大樓]', '[5-10分鐘]', 'x', 'x']","['[AA科技大樓]', '[5-10分鐘]', 'x', 'x']","['[AA科技大樓]', '[5-10分鐘]', 'x', 'x']",資訊學院
125,2,"['[AA科技大樓]', '[5-10分鐘]', 'x', 'x']","['[AA科技大樓]', '[5-10分鐘]', 'x', 'x']","['[AA科技大樓]', '[5-10分鐘]', 'x', 'x']","['[AA科技大樓]', '[5-10分鐘]', 'x', 'x']","['[AA科技大樓]', '[5-10分鐘]', 'x', 'x']",資訊學院
126,0,"['[AA科技大樓]', '[5-10分鐘]', '[AA科技大樓]', '[5-10分鐘]']","['[體育一館]', '[5-10分鐘]', '[AA科技大樓]', '[5-10分鐘]']","['[S資訊管理大樓]', '[5-10分鐘]', '[AA科技大樓]', '[5-10分鐘]']","['[S資訊管理大樓]', '[5-10分鐘]', '[AA科技大樓]', '[5-10分鐘]']","['[AA科技大樓]', '[5-10分鐘]', '[AA科技大樓]', '[5-10分鐘]']",資訊學院
127,1,"['[S資訊管理大樓]', '[5-10分鐘]', '[AA科技大樓]', '[5-10分鐘]']","['[S資訊管理大樓]', '[5-10分鐘]', '[S資訊管理大樓]', '[5-10分鐘]']","['[S資訊管理大樓]', '[5-10分鐘]', '[S資訊管理大樓]', '[5-10分鐘]']","['[S資訊管理大樓]', '[5-10分鐘]', '[S資訊管理大樓]', '[5-10分鐘]']","['[S資訊管理大樓]', '[5-10分鐘]', '[AA科技大樓]', '[5-10分鐘]']",資訊學院
128,2,"['[不在學校]', 'x', 'x', 'x']","['[S資訊管理大樓]', '[5-10分鐘]', 'x', 'x']","['[不在學校]', 'x', 'x', 'x']","['[不在學校]', 'x', 'x', 'x']","['[不在學校]', 'x', 'x', 'x']",資訊學院
129,0,"['[AA科技大樓]', '[0-5分鐘]', '[不在學校]', 'x']","['[體育一館]', '[0-5分鐘]', '[體育一館]', '[0-5分鐘]']","['[AA科技大樓]', '[0-5分鐘]', '[二餐]', '[0-5分鐘]']","['[S資訊管理大樓]', '[0-5分鐘]', '[二餐]', '[0-5分鐘]']","['[AA科技大樓]', '[0-5分鐘]', '[不在學校]', 'x']",資訊學院
130,1,"['[不在學校]', 'x', '[不在學校]', 'x']","['[EE綜合教學大樓]', '[0-5分鐘]', '[CC資訊網路大樓]', '[0-5分鐘]']","['[S資訊管理大樓]', '[0-5分鐘]', '[不在學校]', 'x']","['[AA科技大樓]', '[0-5分鐘]', '[AA科技大樓]', '[0-5分鐘]']","['[不在學校]', 'x', '[不在學校]', 'x']",資訊學院
131,2,"['[不在學校]', 'x', 'x', 'x']","['[AA科技大樓]', '[0-5分鐘]', 'x', 'x']","['[不在學校]', 'x', 'x', 'x']","['[不在學校]', 'x', 'x', 'x']","['[不在學校]', 'x', 'x', 'x']",資訊學院
132,0,"['[S資訊管理大樓]', '[5-10分鐘]', 'x', 'x']","['[EE綜合教學大樓]', '[5-10分鐘]', 'x', 'x']","['[EE綜合教學大樓]', '[5-10分鐘]', 'x', 'x']","['[S資訊管理大樓]', '[5-10分鐘]', 'x', 'x']","['[S資訊管理大樓]', '[5-10分鐘]', 'x', 'x']",資訊學院
133,1,"['[不在學校]', 'x', 'x', 'x']","['[CC資訊網路大樓]', '[5-10分鐘]', '[EE綜合教學大樓]', '[5-10分鐘]']","['[S資訊管理大樓]', '[5-10分鐘]', 'x', 'x']","['[AA科技大樓]', '[5-10分鐘]', 'x', 'x']","['[不在學校]', 'x', 'x', 'x']",資訊學院
134,2,"['[不在學校]', 'x', 'x', 'x']","['[不在學校]', 'x', 'x', 'x']","['[不在學校]', 'x', 'x', 'x']","['[不在學校]', 'x', 'x', 'x']","['[不在學校]', 'x', 'x', 'x']",資訊學院
135,0,"['[S資訊管理大樓]', '[5-10分鐘]', '[S資訊管理大樓]', '[5-10分鐘]']","['[體育一館]', '[0-5分鐘]', '[操場]', '[0-5分鐘]']","['[不在學校]', '[Q行政大樓OR圖書館]', '[0-5分鐘]', 'x']","['[S資訊管理大樓]', '[5-10分鐘]', '[S資訊管理大樓]', '[5-10分鐘]']","['[S資訊管理大樓]', '[5-10分鐘]', '[S資訊管理大樓]', '[5-10分鐘]']",資訊學院
136,1,"['[S資訊管理大樓]', '[5-10分鐘]', 'x', 'x']","['[S資訊管理大樓]', '[5-10分鐘]', 'x', 'x']","['[不在學校]', '[S資訊管理大樓]', '[5-10分鐘]', 'x']","['[S資訊管理大樓]', '[5-10分鐘]', 'x', 'x']","['[S資訊管理大樓]', '[5-10分鐘]', 'x', 'x']",資訊學院
137,2,"['[Q行政大樓OR圖書館]', '[5-10分鐘]', 'x', 'x']","['[S資訊管理大樓]', '[5-10分鐘]', 'x', 'x']","['[不在學校]', 'x', 'x', 'x']","['[Q行政大樓OR圖書館]', '[5-10分鐘]', 'x', 'x']","['[Q行政大樓OR圖書館]', '[5-10分鐘]', 'x', 'x']",資訊學院
138,0,"['[不在學校]', '[不在學校]', 'x', 'x']","['x', '[S資訊管理大樓]', '[5-10分鐘]', 'x']","['[不在學校]', '[不在學校]', 'x', 'x']","['x', '[S資訊管理大樓]', '[5-10分鐘]', 'x']","['[不在學校]', '[不在學校]', 'x', 'x']",資訊學院
139,1,"['[AA科技大樓]', '[5-10分鐘]', '[不在學校]', 'x']","['[CC資訊網路大樓]', '[5-10分鐘]', '[不在學校]', 'x']","['[AA科技大樓]', '[5-10分鐘]', '[不在學校]', 'x']","['[AA科技大樓]', '[5-10分鐘]', '[不在學校]', 'x']","['[AA科技大樓]', '[5-10分鐘]', '[不在學校]', 'x']",資訊學院
140,2,"['[不在學校]', 'x', '[不在學校]', 'x']","['[不在學校]', 'x', '[不在學校]', 'x']","['[不在學校]', 'x', '[不在學校]', 'x']","['[不在學校]', 'x', '[不在學校]', 'x']","['[不在學校]', 'x', '[不在學校]', 'x']",資訊學院
141,0,"['[S資訊管理大樓]', '[5-10分鐘]', 'x', 'x']","['[CC資訊網路大樓]', '[5-10分鐘]', '[AA科技大樓]', '[5-10分鐘]']","['[S資訊管理大樓]', '[5-10分鐘]', '[EE綜合教學大樓]', '[5-10分鐘]']","['[AA科技大樓]', '[5-10分鐘]', '[S資訊管理大樓]', '[5-10分鐘]']","['[S資訊管理大樓]', '[5-10分鐘]', 'x', 'x']",資訊學院
142,1,"['[AA科技大樓]', '[5-10分鐘]', 'x', 'x']","['[CC資訊網路大樓]', '[5-10分鐘]', '[AA科技大樓]', '[5-10分鐘]']","['[S資訊管理大樓]', '[5-10分鐘]', 'x', 'x']","['[AA科技大樓]', '[5-10分鐘]', 'x', 'x']","['[AA科技大樓]', '[5-10分鐘]', 'x', 'x']",資訊學院
143,2,"['[AA科技大樓]', '[0-5分鐘]', 'x', 'x']","['[AA科技大樓]', '[0-5分鐘]', 'x', 'x']","['[AA科技大樓]', '[0-5分鐘]', 'x', 'x']","['[AA科技大樓]', '[0-5分鐘]', 'x', 'x']","['[AA科技大樓]', '[0-5分鐘]', 'x', 'x']",資訊學院
144,0,"['[AA科技大樓]', '[0-5分鐘]', 'x', 'x']","['[AA科技大樓]', '[5-10分鐘]', 'x', 'x']","['[學校宿舍]', '[0-5分鐘]', 'x', 'x']","['[S資訊管理大樓]', '[0-5分鐘]', 'x', 'x']","['[AA科技大樓]', '[0-5分鐘]', 'x', 'x']",資訊學院
145,1,"['[AA科技大樓]', '[0-5分鐘]', 'x', 'x']","['[AA科技大樓]', '[5-10分鐘]', 'x', 'x']","['[EE綜合教學大樓]', '[0-5分鐘]', 'x', 'x']","['[AA科技大樓]', '[0-5分鐘]', 'x', 'x']","['[AA科技大樓]', '[0-5分鐘]', 'x', 'x']",資訊學院
146,2,"['x', 'x', 'x', 'x']","['x', 'x', 'x', 'x']","['[S資訊管理大樓]', '[0-5分鐘]', 'x', 'x']","['x', 'x', 'x', 'x']","['x', 'x', 'x', 'x']",資訊學院
147,0,"['[S資訊管理大樓]', '[10-15分鐘]', 'x', 'x']","['[EE綜合教學大樓]', '[10-15分鐘]', 'x', 'x']","['[AA科技大樓]', '[10-15分鐘]', 'x', 'x']","['[S資訊管理大樓]', '[10-15分鐘]', 'x', 'x']","['[S資訊管理大樓]', '[10-15分鐘]', 'x', 'x']",資訊學院
148,1,"['[AA科技大樓]', '[5-10分鐘]', 'x', 'x']","['[EE綜合教學大樓]', '[5-10分鐘]', 'x', 'x']","['[S資訊管理大樓]', '[5-10分鐘]', 'x', 'x']","['[AA科技大樓]', '[5-10分鐘]', 'x', 'x']","['[AA科技大樓]', '[5-10分鐘]', 'x', 'x']",資訊學院
149,2,"['[AA科技大樓]', '[10-15分鐘]', 'x', 'x']","['[AA科技大樓]', '[10-15分鐘]', 'x', 'x']","['[AA科技大樓]', '[10-15分鐘]', 'x', 'x']","['[AA科技大樓]', '[10-15分鐘]', 'x', 'x']","['[AA科技大樓]', '[10-15分鐘]', 'x', 'x']",資訊學院
150,0,"['[S資訊管理大樓]', '[0-5分鐘]', 'x', 'x']","['[體育一館]', '[0-5分鐘]', 'x', 'x']","['[AA科技大樓]', '[0-5分鐘]', 'x', 'x']","['[S資訊管理大樓]', '[0-5分鐘]', 'x', 'x']","['[S資訊管理大樓]', '[0-5分鐘]', 'x', 'x']",資訊學院
151,1,"['[AA科技大樓]', '[0-5分鐘]', 'x', 'x']","['[CC資訊網路大樓]', '[0-5分鐘]', 'x', 'x']","['[S資訊管理大樓]', '[0-5分鐘]', 'x', 'x']","['[AA科技大樓]', '[0-5分鐘]', 'x', 'x']","['[AA科技大樓]', '[0-5分鐘]', 'x', 'x']",資訊學院
152,2,"['[CC資訊網路大樓]', '[0-5分鐘]', 'x', 'x']","['[CC資訊網路大樓]', '[0-5分鐘]', 'x', 'x']","['[CC資訊網路大樓]', '[0-5分鐘]', 'x', 'x']","['[CC資訊網路大樓]', '[0-5分鐘]', 'x', 'x']","['[CC資訊網路大樓]', '[0-5分鐘]', 'x', 'x']",資訊學院
153,0,"['[S資訊管理大樓]', '[5-10分鐘]', 'x', 'x']","['[體育一館]', '[5-10分鐘]', 'x', 'x']","['[AA科技大樓]', '[5-10分鐘]', 'x', 'x']","['[S資訊管理大樓]', '[0-5分鐘]', 'x', 'x']","['[S資訊管理大樓]', '[5-10分鐘]', 'x', 'x']",資訊學院
154,1,"['[AA科技大樓]', '[0-5分鐘]', 'x', 'x']","['[CC資訊網路大樓]', '[5-10分鐘]', 'x', 'x']","['[S資訊管理大樓]', '[5-10分鐘]', 'x', 'x']","['[AA科技大樓]', '[0-5分鐘]', 'x', 'x']","['[AA科技大樓]', '[0-5分鐘]', 'x', 'x']",資訊學院
155,2,"['[不在學校]', 'x', 'x', 'x']","['[不在學校]', 'x', 'x', 'x']","['[不在學校]', 'x', 'x', 'x']","['[不在學校]', 'x', 'x', 'x']","['[不在學校]', 'x', 'x', 'x']",資訊學院
156,0,"['[S資訊管理大樓]', '[5-10分鐘]', 'x', 'x']","['[CC資訊網路大樓]', '[5-10分鐘]', 'x', 'x']","['[S資訊管理大樓]', '[5-10分鐘]', 'x', 'x']","['[S資訊管理大樓]', '[5-10分鐘]', 'x', 'x']","['[S資訊管理大樓]', '[5-10分鐘]', 'x', 'x']",資訊學院
157,1,"['[S資訊管理大樓]', '[5-10分鐘]', 'x', 'x']","['x', 'x', 'x', 'x']","['[S資訊管理大樓]', '[5-10分鐘]', 'x', 'x']","['[S資訊管理大樓]', '[5-10分鐘]', 'x', 'x']","['[S資訊管理大樓]', '[5-10分鐘]', 'x', 'x']",資訊學院
158,2,"['x', 'x', 'x', 'x']","['x', 'x', 'x', 'x']","['x', 'x', 'x', 'x']","['x', 'x', 'x', 'x']","['x', 'x', 'x', 'x']",資訊學院
159,0,"['[AA科技大樓]', '[5-10分鐘]', 'x', 'x']","['[AA科技大樓]', '[5-10分鐘]', 'x', 'x']","['[AA科技大樓]', '[5-10分鐘]', 'x', 'x']","['[AA科技大樓]', '[5-10分鐘]', 'x', 'x']","['[AA科技大樓]', '[5-10分鐘]', 'x', 'x']",資訊學院
160,1,"['[AA科技大樓]', '[5-10分鐘]', 'x', 'x']","['[S資訊管理大樓]', '[5-10分鐘]', 'x', 'x']","['[AA科技大樓]', '[5-10分鐘]', 'x', 'x']","['[AA科技大樓]', '[5-10分鐘]', 'x', 'x']","['[AA科技大樓]', '[5-10分鐘]', 'x', 'x']",資訊學院
161,2,"['[AA科技大樓]', '[5-10分鐘]', 'x', 'x']","['[S資訊管理大樓]', '[5-10分鐘]', 'x', 'x']","['[AA科技大樓]', '[5-10分鐘]', 'x', 'x']","['[AA科技大樓]', '[5-10分鐘]', 'x', 'x']","['[AA科技大樓]', '[5-10分鐘]', 'x', 'x']",資訊學院
162,0,"['[不在學校]', '[不在學校]', 'x', 'x']","['[體育一館]', '[0-5分鐘]', '[S資訊管理大樓]', '[5-10分鐘]']","['[AA科技大樓]', '[5-10分鐘]', '[AA科技大樓]', '[5-10分鐘]']","['[AA科技大樓]', '[5-10分鐘]', '[S資訊管理大樓]', '[0-5分鐘]']","['[不在學校]', '[不在學校]', 'x', 'x']",資訊學院
163,1,"['[不在學校]', 'x', 'x', 'x']","['[AA科技大樓]', '[5-10分鐘]', 'x', 'x']","['[S資訊管理大樓]', '[5-10分鐘]', 'x', 'x']","['[AA科技大樓]', '[0-5分鐘]', 'x', 'x']","['[不在學校]', 'x', 'x', 'x']",資訊學院
164,2,"['[不在學校]', 'x', 'x', 'x']","['[不在學校]', 'x', 'x', 'x']","['[AA科技大樓]', '[0-5分鐘]', 'x', 'x']","['[不在學校]', 'x', 'x', 'x']","['[不在學校]', 'x', 'x', 'x']",資訊學院
165,0,"['[S資訊管理大樓]', '[5-10分鐘]', 'x', 'x']","['[體育一館]', '[0-5分鐘]', 'x', 'x']","['[AA科技大樓]', '[5-10分鐘]', 'x', 'x']","['[S資訊管理大樓]', '[5-10分鐘]', 'x', 'x']","['[S資訊管理大樓]', '[5-10分鐘]', 'x', 'x']",資訊學院
166,1,"['[AA科技大樓]', '[5-10分鐘]', 'x', 'x']","['[AA科技大樓]', '[0-5分鐘]', 'x', 'x']","['[S資訊管理大樓]', '[5-10分鐘]', 'x', 'x']","['[S資訊管理大樓]', '[5-10分鐘]', 'x', 'x']","['[AA科技大樓]', '[5-10分鐘]', 'x', 'x']",資訊學院
167,2,"['[不在學校]', 'x', 'x', 'x']","['[AA科技大樓]', '[5-10分鐘]', 'x', 'x']","['[不在學校]', 'x', 'x', 'x']","['[不在學校]', 'x', 'x', 'x']","['[不在學校]', 'x', 'x', 'x']",資訊學院
168,0,"['[AA科技大樓]', '[5-10分鐘]', 'x', 'x']","['[體育一館]', '[5-10分鐘]', 'x', 'x']","['[AA科技大樓]', '[5-10分鐘]', 'x', 'x']","['[AA科技大樓]', '[5-10分鐘]', 'x', 'x']","['[AA科技大樓]', '[5-10分鐘]', 'x', 'x']",資訊學院
169,1,"['[CC資訊網路大樓]', '[5-10分鐘]', 'x', 'x']","['[EE綜合教學大樓]', '[5-10分鐘]', 'x', 'x']","['[S資訊管理大樓]', '[5-10分鐘]', 'x', 'x']","['[CC資訊網路大樓]', '[5-10分鐘]', 'x', 'x']","['[CC資訊網路大樓]', '[5-10分鐘]', 'x', 'x']",資訊學院
170,2,"['x', 'x', 'x', 'x']","['x', 'x', 'x', 'x']","['x', 'x', 'x', 'x']","['x', 'x', 'x', 'x']","['x', 'x', 'x', 'x']",資訊學院
171,0,"['[AA科技大樓]', '[0-5分鐘]', 'x', 'x']","['[體育一館]', '[0-5分鐘]', 'x', 'x']","['[AA科技大樓]', '[0-5分鐘]', 'x', 'x']","['[AA科技大樓]', '[0-5分鐘]', 'x', 'x']","['[AA科技大樓]', '[0-5分鐘]', 'x', 'x']",資訊學院
172,1,"['[不在學校]', 'x', 'x', 'x']","['[不在學校]', 'x', 'x', 'x']","['x', 'x', 'x', 'x']","['[不在學校]', 'x', 'x', 'x']","['[不在學校]', 'x', 'x', 'x']",資訊學院
173,2,"['[不在學校]', 'x', 'x', 'x']","['[不在學校]', 'x', 'x', 'x']","['x', 'x', 'x', 'x']","['[不在學校]', 'x', 'x', 'x']","['[不在學校]', 'x', 'x', 'x']",資訊學院
174,0,"['[不在學校]', 'x', 'x', 'x']","['[P觀光語文大樓]', '[5-10分鐘]', '[P觀光語文大樓]', '[5-10分鐘]']","['[S資訊管理大樓]', '[5-10分鐘]', '[S資訊管理大樓]', '[5-10分鐘]']","['[S資訊管理大樓]', '[5-10分鐘]', '[S資訊管理大樓]', '[5-10分鐘]']","['[不在學校]', 'x', 'x', 'x']",資訊學院
175,1,"['[P觀光語文大樓]', '[5-10分鐘]', '[S資訊管理大樓]', '[5-10分鐘]']","['[P觀光語文大樓]', '[5-10分鐘]', '[P觀光語文大樓]', '[5-10分鐘]']","['[P觀光語文大樓]', '[5-10分鐘]', '[S資訊管理大樓]', '[5-10分鐘]']","['[P觀光語文大樓]', '[5-10分鐘]', '[S資訊管理大樓]', '[5-10分鐘]']","['[P觀光語文大樓]', '[5-10分鐘]', '[S資訊管理大樓]', '[5-10分鐘]']",資訊學院
176,2,"['[S資訊管理大樓]', '[5-10分鐘]', '[S資訊管理大樓]', '[5-10分鐘]']","['[P觀光語文大樓]', '[5-10分鐘]', '[P觀光語文大樓]', '[5-10分鐘]']","['[S資訊管理大樓]', '[5-10分鐘]', '[S資訊管理大樓]', '[5-10分鐘]']","['[S資訊管理大樓]', '[5-10分鐘]', '[S資訊管理大樓]', '[5-10分鐘]']","['[S資訊管理大樓]', '[5-10分鐘]', '[S資訊管理大樓]', '[5-10分鐘]']",資訊學院
177,0,"['[不在學校]', 'x', 'x', 'x']","['[體育一館]', '[0-5分鐘]', 'x', 'x']","['[AA科技大樓]', '[0-5分鐘]', 'x', 'x']","['[AA科技大樓]', '[0-5分鐘]', 'x', 'x']","['[不在學校]', 'x', 'x', 'x']",資訊學院
178,1,"['[CC資訊網路大樓]', '[0-5分鐘]', 'x', 'x']","['[EE綜合教學大樓]', '[0-5分鐘]', '[CC資訊網路大樓]', '[0-5分鐘]']","['[S資訊管理大樓]', '[0-5分鐘]', 'x', 'x']","['[CC資訊網路大樓]', '[0-5分鐘]', 'x', 'x']","['[CC資訊網路大樓]', '[0-5分鐘]', 'x', 'x']",資訊學院
179,2,"['[AA科技大樓]', '[0-5分鐘]', 'x', 'x']","['[S資訊管理大樓]', '[0-5分鐘]', 'x', 'x']","['[AA科技大樓]', '[0-5分鐘]', 'x', 'x']","['[AA科技大樓]', '[0-5分鐘]', 'x', 'x']","['[AA科技大樓]', '[0-5分鐘]', 'x', 'x']",資訊學院
180,0,"['x', 'x', 'x', 'x']","['[體育一館]', '[5-10分鐘]', '[體育一館]', '[5-10分鐘]']","['[不在學校]', '[不在學校]', 'x', 'x']","['[AA科技大樓]', '[0-5分鐘]', '[AA科技大樓]', '[0-5分鐘]']","['x', 'x', 'x', 'x']",資訊學院
181,1,"['[不在學校]', '[不在學校]', 'x', 'x']","['[EE綜合教學大樓]', '[5-10分鐘]', '[EE綜合教學大樓]', '[5-10分鐘]']","['[S資訊管理大樓]', '[5-10分鐘]', '[S資訊管理大樓]', '[5-10分鐘]']","['[CC資訊網路大樓]', '[5-10分鐘]', '[CC資訊網路大樓]', '[5-10分鐘]']","['[不在學校]', '[不在學校]', 'x', 'x']",資訊學院
182,2,"['[不在學校]', '[不在學校]', 'x', 'x']","['[不在學校]', '[不在學校]', 'x', 'x']","['[S資訊管理大樓]', '[5-10分鐘]', '[S資訊管理大樓]', '[5-10分鐘]']","['[室外籃球場]', '[5-10分鐘]', '[CC資訊網路大樓]', '[5-10分鐘]']","['[不在學校]', '[不在學校]', 'x', 'x']",資訊學院
183,0,"['x', 'x', 'x', 'x']","['x', '[不在學校]', 'x', 'x']","['[S資訊管理大樓]', '[10-15分鐘]', '[AA科技大樓]', '[10-15分鐘]']","['x', 'x', 'x', 'x']","['x', 'x', 'x', 'x']",資訊學院
184,1,"['x', '[不在學校]', 'x', 'x']","['[不在學校]', '[不在學校]', 'x', 'x']","['[AA科技大樓]', '[10-15分鐘]', '[不在學校]', 'x']","['[CC資訊網路大樓]', '[10-15分鐘]', '[不在學校]', 'x']","['x', '[不在學校]', 'x', 'x']",資訊學院
185,2,"['[不在學校]', '[不在學校]', 'x', 'x']","['[不在學校]', '[不在學校]', 'x', 'x']","['[不在學校]', '[不在學校]', 'x', 'x']","['[不在學校]', '[不在學校]', 'x', 'x']","['[不在學校]', '[不在學校]', 'x', 'x']",資訊學院
186,0,"['[不在學校]', 'x', '[不在學校]', 'x']","['[體育二館]', '[5-10分鐘]', '[體育二館]', '[5-10分鐘]']","['[AA科技大樓]', '[5-10分鐘]', '[AA科技大樓]', '[5-10分鐘]']","['[AA科技大樓]', '[5-10分鐘]', '[AA科技大樓]', '[5-10分鐘]']","['[不在學校]', 'x', '[不在學校]', 'x']",資訊學院
187,1,"['[不在學校]', 'x', '[不在學校]', 'x']","['[EE綜合教學大樓]', '[5-10分鐘]', '[EE綜合教學大樓]', '[5-10分鐘]']","['[S資訊管理大樓]', '[5-10分鐘]', '[S資訊管理大樓]', '[5-10分鐘]']","['[CC資訊網路大樓]', '[5-10分鐘]', '[CC資訊網路大樓]', '[5-10分鐘]']","['[不在學校]', 'x', '[不在學校]', 'x']",資訊學院
188,2,"['[不在學校]', 'x', '[不在學校]', 'x']","['[AA科技大樓]', '[5-10分鐘]', '[AA科技大樓]', '[5-10分鐘]']","['[AA科技大樓]', '[5-10分鐘]', '[AA科技大樓]', '[5-10分鐘]']","['[不在學校]', 'x', '[不在學校]', 'x']","['[不在學校]', 'x', '[不在學校]', 'x']",資訊學院
189,0,"['[EE綜合教學大樓]', '[5-10分鐘]', 'x', 'x']","['[EE綜合教學大樓]', '[5-10分鐘]', 'x', 'x']","['[AA科技大樓]', '[5-10分鐘]', 'x', 'x']","['[EE綜合教學大樓]', '[5-10分鐘]', 'x', 'x']","['[EE綜合教學大樓]', '[5-10分鐘]', 'x', 'x']",資訊學院
190,1,"['[S資訊管理大樓]', '[0-5分鐘]', 'x', 'x']","['[AA科技大樓]', '[0-5分鐘]', 'x', 'x']","['[S資訊管理大樓]', '[0-5分鐘]', 'x', 'x']","['[S資訊管理大樓]', '[0-5分鐘]', 'x', 'x']","['[S資訊管理大樓]', '[0-5分鐘]', 'x', 'x']",資訊學院
191,2,"['x', 'x', 'x', 'x']","['x', 'x', 'x', 'x']","['x', 'x', 'x', 'x']","['x', 'x', 'x', 'x']","['x', 'x', 'x', 'x']",資訊學院
192,0,"['[不在學校]', 'x', 'x', 'x']","['[EE綜合教學大樓]', '[0-5分鐘]', 'x', 'x']","['[S資訊管理大樓]', '[0-5分鐘]', 'x', 'x']","['[EE綜合教學大樓]', '[0-5分鐘]', 'x', 'x']","['[不在學校]', 'x', 'x', 'x']",資訊學院
193,1,"['[AA科技大樓]', '[5-10分鐘]', 'x', 'x']","['[EE綜合教學大樓]', '[0-5分鐘]', 'x', 'x']","['[S資訊管理大樓]', '[0-5分鐘]', 'x', 'x']","['[EE綜合教學大樓]', '[0-5分鐘]', 'x', 'x']","['[AA科技大樓]', '[5-10分鐘]', 'x', 'x']",資訊學院
194,2,"['[不在學校]', '[不在學校]', 'x', 'x']","['[不在學校]', '[不在學校]', 'x', 'x']","['[不在學校]', '[不在學校]', 'x', 'x']","['[不在學校]', '[不在學校]', 'x', 'x']","['[不在學校]', '[不在學校]', 'x', 'x']",資訊學院
195,0,"['[不在學校]', 'x', 'x', 'x']","['[AA科技大樓]', '[5-10分鐘]', 'x', 'x']","['[AA科技大樓]', '[0-5分鐘]', 'x', 'x']","['[EE綜合教學大樓]', '[5-10分鐘]', 'x', 'x']","['[不在學校]', 'x', 'x', 'x']",資訊學院
196,1,"['[不在學校]', 'x', 'x', 'x']","['[AA科技大樓]', '[0-5分鐘]', 'x', 'x']","['[S資訊管理大樓]', '[0-5分鐘]', 'x', 'x']","['[不在學校]', 'x', 'x', 'x']","['[不在學校]', 'x', 'x', 'x']",資訊學院
197,2,"['[不在學校]', 'x', 'x', 'x']","['[不在學校]', 'x', 'x', 'x']","['[S資訊管理大樓]', '[0-5分鐘]', 'x', 'x']","['[不在學校]', 'x', 'x', 'x']","['[不在學校]', 'x', 'x', 'x']",資訊學院
198,0,"['[不在學校]', 'x', 'x', 'x']","['[AA科技大樓]', '[0-5分鐘]', 'x', 'x']","['[AA科技大樓]', '[0-5分鐘]', 'x', 'x']","['[EE綜合教學大樓]', '[0-5分鐘]', 'x', 'x']","['[不在學校]', 'x', 'x', 'x']",資訊學院
199,1,"['[不在學校]', 'x', 'x', 'x']","['[AA科技大樓]', '[0-5分鐘]', 'x', 'x']","['[S資訊管理大樓]', '[0-5分鐘]', 'x', 'x']","['[EE綜合教學大樓]', '[0-5分鐘]', 'x', 'x']","['[不在學校]', 'x', 'x', 'x']",資訊學院
200,2,"['[不在學校]', 'x', 'x', 'x']","['[不在學校]', 'x', 'x', 'x']","['[不在學校]', 'x', 'x', 'x']","['[不在學校]', 'x', 'x', 'x']","['[不在學校]', 'x', 'x', 'x']",資訊學院
201,0,"['[不在學校]', 'x', 'x', 'x']","['[體育一館]', '[0-5分鐘]', 'x', 'x']","['[AA科技大樓]', '[0-5分鐘]', 'x', 'x']","['[AA科技大樓]', '[0-5分鐘]', 'x', 'x']","['[不在學校]', 'x', 'x', 'x']",資訊學院
202,1,"['[不在學校]', 'x', 'x', 'x']","['[EE綜合教學大樓]', '[0-5分鐘]', '[CC資訊網路大樓]', '[0-5分鐘]']","['[S資訊管理大樓]', '[0-5分鐘]', '[S資訊管理大樓]', '[0-5分鐘]']","['[M設計大樓]', '[0-5分鐘]', '[EE綜合教學大樓]', '[0-5分鐘]']","['[不在學校]', 'x', 'x', 'x']",資訊學院
203,2,"['[不在學校]', 'x', 'x', 'x']","['[不在學校]', 'x', 'x', 'x']","['[AA科技大樓]', '[0-5分鐘]', 'x', 'x']","['[不在學校]', 'x', 'x', 'x']","['[不在學校]', 'x', 'x', 'x']",資訊學院
204,0,"['[EE綜合教學大樓]', '[5-10分鐘]', '[S資訊管理大樓]', '[5-10分鐘]']","['[EE綜合教學大樓]', '[5-10分鐘]', '[操場]', '[5-10分鐘]']","['[CC資訊網路大樓]', '[5-10分鐘]', '[S資訊管理大樓]', '[5-10分鐘]']","['[AA科技大樓]', '[5-10分鐘]', '[S資訊管理大樓]', '[5-10分鐘]']","['[EE綜合教學大樓]', '[5-10分鐘]', '[S資訊管理大樓]', '[5-10分鐘]']",資訊學院
205,1,"['[學校宿舍]', '[5-10分鐘]', '[學校宿舍]', '[5-10分鐘]']","['[EE綜合教學大樓]', '[5-10分鐘]', '[S資訊管理大樓]', '[5-10分鐘]']","['[S資訊管理大樓]', '[5-10分鐘]', '[S資訊管理大樓]', '[5-10分鐘]']","['[S資訊管理大樓]', '[5-10分鐘]', '[S資訊管理大樓]', '[5-10分鐘]']","['[學校宿舍]', '[5-10分鐘]', '[學校宿舍]', '[5-10分鐘]']",資訊學院
206,2,"['x', 'x', 'x', 'x']","['x', 'x', 'x', 'x']","['x', 'x', 'x', 'x']","['x', 'x', 'x', 'x']","['x', 'x', 'x', 'x']",資訊學院
207,0,"['[不在學校]', 'x', 'x', 'x']","['[AA科技大樓]', '[0-5分鐘]', '[S資訊管理大樓]', '[5-10分鐘]']","['[AA科技大樓]', '[0-5分鐘]', '[S資訊管理大樓]', '[5-10分鐘]']","['[EE綜合教學大樓]', '[0-5分鐘]', '[二餐]', '[5-10分鐘]']","['[不在學校]', 'x', 'x', 'x']",資訊學院
208,1,"['[不在學校]', '[不在學校]', 'x', 'x']","['[AA科技大樓]', '[5-10分鐘]', '[AA科技大樓]', '[5-10分鐘]']","['[AA科技大樓]', '[5-10分鐘]', '[AA科技大樓]', '[5-10分鐘]']","['[二餐]', '[5-10分鐘]', '[二餐]', '[5-10分鐘]']","['[不在學校]', '[不在學校]', 'x', 'x']",資訊學院
209,2,"['[不在學校]', 'x', '[不在學校]', 'x']","['[AA科技大樓]', '[0-5分鐘]', '[不在學校]', 'x']","['[S資訊管理大樓]', '[0-5分鐘]', '[不在學校]', 'x']","['[不在學校]', 'x', '[不在學校]', 'x']","['[不在學校]', 'x', '[不在學校]', 'x']",資訊學院
210,0,"['[不在學校]', 'x', 'x', 'x']","['x', 'x', 'x', 'x']","['[AA科技大樓]', '[0-5分鐘]', 'x', 'x']","['[AA科技大樓]', '[0-5分鐘]', 'x', 'x']","['[不在學校]', 'x', 'x', 'x']",資訊學院
211,1,"['[不在學校]', 'x', 'x', 'x']","['[不在學校]', 'x', 'x', 'x']","['[S資訊管理大樓]', '[5-10分鐘]', 'x', 'x']","['[CC資訊網路大樓]', '[0-5分鐘]', 'x', 'x']","['[不在學校]', 'x', 'x', 'x']",資訊學院
212,2,"['[不在學校]', '[不在學校]', 'x', 'x']","['[不在學校]', '[不在學校]', 'x', 'x']","['[不在學校]', '[不在學校]', 'x', 'x']","['[不在學校]', '[不在學校]', 'x', 'x']","['[不在學校]', '[不在學校]', 'x', 'x']",資訊學院
213,0,"['[AA科技大樓]', '[10-15分鐘]', '[不在學校]', 'x']","['[EE綜合教學大樓]', '[0-5分鐘]', '[不在學校]', 'x']","['[AA科技大樓]', '[0-5分鐘]', '[不在學校]', 'x']","['[CC資訊網路大樓]', '[0-5分鐘]', '[EE綜合教學大樓]', '[0-5分鐘]']","['[AA科技大樓]', '[10-15分鐘]', '[不在學校]', 'x']",資訊學院
214,1,"['[Q行政大樓OR圖書館]', '[0-5分鐘]', '[不在學校]', 'x']","['[Q行政大樓OR圖書館]', '[0-5分鐘]', '[不在學校]', 'x']","['[S資訊管理大樓]', '[5-10分鐘]', '[不在學校]', 'x']","['[AA科技大樓]', '[5-10分鐘]', '[不在學校]', 'x']","['[Q行政大樓OR圖書館]', '[0-5分鐘]', '[不在學校]', 'x']",資訊學院
215,2,"['[Q行政大樓OR圖書館]', '[0-5分鐘]', '幾點', '6-7時']","['[Q行政大樓OR圖書館]', '[0-5分鐘]', 'x', 'x']","['[Q行政大樓OR圖書館]', '[0-5分鐘]', 'x', 'x']","['[Q行政大樓OR圖書館]', '[0-5分鐘]', 'x', 'x']","['[Q行政大樓OR圖書館]', '[0-5分鐘]', '幾點', '6-7時']",資訊學院
216,0,"['[AA科技大樓]', '[5-10分鐘]', '[AA科技大樓]', '[5-10分鐘]']","['[AA科技大樓]', '[5-10分鐘]', '[不在學校]', 'x']","['[AA科技大樓]', '[5-10分鐘]', '[不在學校]', 'x']","['[AA科技大樓]', '[5-10分鐘]', '[AA科技大樓]', '[5-10分鐘]']","['[AA科技大樓]', '[5-10分鐘]', '[AA科技大樓]', '[5-10分鐘]']",資訊學院
217,1,"['[AA科技大樓]', '[5-10分鐘]', '[AA科技大樓]', '[5-10分鐘]']","['[AA科技大樓]', '[5-10分鐘]', '[AA科技大樓]', '[5-10分鐘]']","['[AA科技大樓]', '[5-10分鐘]', '[AA科技大樓]', '[5-10分鐘]']","['[AA科技大樓]', '[5-10分鐘]', '[AA科技大樓]', '[5-10分鐘]']","['[AA科技大樓]', '[5-10分鐘]', '[AA科技大樓]', '[5-10分鐘]']",資訊學院
218,2,"['[AA科技大樓]', '[5-10分鐘]', '[AA科技大樓]', '[5-10分鐘]']","['[AA科技大樓]', '[5-10分鐘]', '[AA科技大樓]', '[5-10分鐘]']","['[AA科技大樓]', '[5-10分鐘]', '[AA科技大樓]', '[5-10分鐘]']","['[AA科技大樓]', '[5-10分鐘]', '[AA科技大樓]', '[5-10分鐘]']","['[AA科技大樓]', '[5-10分鐘]', '[AA科技大樓]', '[5-10分鐘]']",資訊學院
219,0,"['[EE綜合教學大樓]', '[0-5分鐘]', 'x', 'x']","['[CC資訊網路大樓]', '[0-5分鐘]', 'x', 'x']","['[AA科技大樓]', '[0-5分鐘]', 'x', 'x']","['[EE綜合教學大樓]', '[0-5分鐘]', 'x', 'x']","['[EE綜合教學大樓]', '[0-5分鐘]', 'x', 'x']",資訊學院
220,1,"['x', 'x', 'x', 'x']","['[S資訊管理大樓]', '[0-5分鐘]', 'x', 'x']","['x', 'x', 'x', 'x']","['x', 'x', 'x', 'x']","['x', 'x', 'x', 'x']",資訊學院
221,2,"['x', 'x', 'x', 'x']","['x', 'x', 'x', 'x']","['x', 'x', 'x', 'x']","['x', 'x', 'x', 'x']","['x', 'x', 'x', 'x']",資訊學院
222,0,"['x', '[S資訊管理大樓]', '[0-5分鐘]', 'x']","['[不在學校]', 'x', 'x', 'x']","['x', '[S資訊管理大樓]', '[0-5分鐘]', 'x']","['x', '[S資訊管理大樓]', '[0-5分鐘]', 'x']","['x', '[S資訊管理大樓]', '[0-5分鐘]', 'x']",資訊學院
223,1,"['[不在學校]', 'x', '[不在學校]', 'x']","['[不在學校]', 'x', '[不在學校]', 'x']","['[不在學校]', 'x', '[不在學校]', 'x']","['[不在學校]', 'x', '[不在學校]', 'x']","['[不在學校]', 'x', '[不在學校]', 'x']",資訊學院
224,2,"['[不在學校]', 'x', '[操場]', '[0-5分鐘]']","['[不在學校]', 'x', '[操場]', '[0-5分鐘]']","['[不在學校]', 'x', '[操場]', '[0-5分鐘]']","['[不在學校]', 'x', '[操場]', '[0-5分鐘]']","['[不在學校]', 'x', '[操場]', '[0-5分鐘]']",資訊學院
225,0,"['[EE綜合教學大樓]', '[0-5分鐘]', '[S資訊管理大樓]', '[0-5分鐘]']","['[AA科技大樓]', '[5-10分鐘]', '[S資訊管理大樓]', '[5-10分鐘]']","['[AA科技大樓]', '[0-5分鐘]', '[S資訊管理大樓]', '[0-5分鐘]']","['[S資訊管理大樓]', '[10-15分鐘]', '[S資訊管理大樓]', '[0-5分鐘]']","['[EE綜合教學大樓]', '[0-5分鐘]', '[S資訊管理大樓]', '[0-5分鐘]']",資訊學院
226,1,"['[S資訊管理大樓]', '[0-5分鐘]', '[S資訊管理大樓]', '[0-5分鐘]']","['[S資訊管理大樓]', '[5-10分鐘]', '[S資訊管理大樓]', '[5-10分鐘]']","['[S資訊管理大樓]', '[0-5分鐘]', '[S資訊管理大樓]', '[0-5分鐘]']","['[S資訊管理大樓]', '[10-15分鐘]', '[S資訊管理大樓]', '[10-15分鐘]']","['[S資訊管理大樓]', '[0-5分鐘]', '[S資訊管理大樓]', '[0-5分鐘]']",資訊學院
227,2,"['[不在學校]', 'x', '[不在學校]', 'x']","['[不在學校]', 'x', '[不在學校]', 'x']","['[S資訊管理大樓]', '[0-5分鐘]', '[不在學校]', 'x']","['[不在學校]', 'x', '[不在學校]', 'x']","['[不在學校]', 'x', '[不在學校]', 'x']",資訊學院
228,0,"['[不在學校]', '[不在學校]', 'x', 'x']","['[不在學校]', '[不在學校]', 'x', 'x']","['[不在學校]', '[不在學校]', 'x', 'x']","['[EE綜合教學大樓]', '[0-5分鐘]', '[體育一館]', '[0-5分鐘]']","['[不在學校]', '[不在學校]', 'x', 'x']",資訊學院
229,1,"['[不在學校]', 'x', 'x', 'x']","['[AA科技大樓]', '[0-5分鐘]', 'x', 'x']","['[S資訊管理大樓]', '[0-5分鐘]', 'x', 'x']","['[EE綜合教學大樓]', '[0-5分鐘]', 'x', 'x']","['[不在學校]', 'x', 'x', 'x']",資訊學院
230,2,"['[不在學校]', 'x', 'x', 'x']","['[AA科技大樓]', '[0-5分鐘]', 'x', 'x']","['[S資訊管理大樓]', '[0-5分鐘]', 'x', 'x']","['[不在學校]', 'x', 'x', 'x']","['[不在學校]', 'x', 'x', 'x']",資訊學院
231,0,"['[EE綜合教學大樓]', '[0-5分鐘]', 'x', 'x']","['[AA科技大樓]', '[0-5分鐘]', 'x', 'x']","['[AA科技大樓]', '[0-5分鐘]', 'x', 'x']","['[EE綜合教學大樓]', '[0-5分鐘]', 'x', 'x']","['[EE綜合教學大樓]', '[0-5分鐘]', 'x', 'x']",資訊學院
232,1,"['[EE綜合教學大樓]', '[5-10分鐘]', 'x', 'x']","['[AA科技大樓]', '[0-5分鐘]', 'x', 'x']","['[AA科技大樓]', '[0-5分鐘]', '[AA科技大樓]', '[0-5分鐘]']","['[AA科技大樓]', '[0-5分鐘]', '[AA科技大樓]', '[0-5分鐘]']","['[EE綜合教學大樓]', '[5-10分鐘]', 'x', 'x']",資訊學院
233,2,"['[EE綜合教學大樓]', '[5-10分鐘]', 'x', 'x']","['[AA科技大樓]', '[0-5分鐘]', 'x', 'x']","['[S資訊管理大樓]', '[0-5分鐘]', 'x', 'x']","['[S資訊管理大樓]', '[0-5分鐘]', 'x', 'x']","['[EE綜合教學大樓]', '[5-10分鐘]', 'x', 'x']",資訊學院
234,0,"['[EE綜合教學大樓]', '[0-5分鐘]', 'x', 'x']","['[AA科技大樓]', '[0-5分鐘]', 'x', 'x']","['[AA科技大樓]', '[0-5分鐘]', '[S資訊管理大樓]', '[0-5分鐘]']","['[EE綜合教學大樓]', '[0-5分鐘]', 'x', 'x']","['[EE綜合教學大樓]', '[0-5分鐘]', 'x', 'x']",資訊學院
235,1,"['[S資訊管理大樓]', '[0-5分鐘]', 'x', 'x']","['x', 'x', 'x', 'x']","['[S資訊管理大樓]', '[0-5分鐘]', 'x', 'x']","['[S資訊管理大樓]', '[0-5分鐘]', 'x', 'x']","['[S資訊管理大樓]', '[0-5分鐘]', 'x', 'x']",資訊學院
236,2,"['[S資訊管理大樓]', '[5-10分鐘]', 'x', 'x']","['x', 'x', 'x', 'x']","['[S資訊管理大樓]', '[5-10分鐘]', 'x', 'x']","['[S資訊管理大樓]', '[5-10分鐘]', 'x', 'x']","['[S資訊管理大樓]', '[5-10分鐘]', 'x', 'x']",資訊學院
237,0,"['[不在學校]', '[不在學校]', 'x', 'x']","['[EE綜合教學大樓]', '[0-5分鐘]', '[不在學校]', 'x']","['[不在學校]', '[不在學校]', 'x', 'x']","['[EE綜合教學大樓]', '[5-10分鐘]', '[不在學校]', 'x']","['[不在學校]', '[不在學校]', 'x', 'x']",資訊學院
238,1,"['[不在學校]', '[不在學校]', 'x', 'x']","['[AA科技大樓]', '[5-10分鐘]', '[不在學校]', 'x']","['[AA科技大樓]', '[5-10分鐘]', '[不在學校]', 'x']","['[室外籃球場]', '[5-10分鐘]', '[不在學校]', 'x']","['[不在學校]', '[不在學校]', 'x', 'x']",資訊學院
239,2,"['[不在學校]', 'x', 'x', 'x']","['[不在學校]', 'x', 'x', 'x']","['[S資訊管理大樓]', '[5-10分鐘]', 'x', 'x']","['[不在學校]', 'x', 'x', 'x']","['[不在學校]', 'x', 'x', 'x']",資訊學院
240,0,"['[不在學校]', '[不在學校]', 'x', 'x']","['[EE綜合教學大樓]', '[0-5分鐘]', '[S資訊管理大樓]', '[0-5分鐘]']","['[AA科技大樓]', '[0-5分鐘]', '[AA科技大樓]', '[0-5分鐘]']","['[EE綜合教學大樓]', '[0-5分鐘]', '[CC資訊網路大樓]', '[0-5分鐘]']","['[不在學校]', '[不在學校]', 'x', 'x']",資訊學院
241,1,"['[EE綜合教學大樓]', '[0-5分鐘]', 'x', 'x']","['[S資訊管理大樓]', '[0-5分鐘]', 'x', 'x']","['[AA科技大樓]', '[0-5分鐘]', 'x', 'x']","['[EE綜合教學大樓]', '[0-5分鐘]', 'x', 'x']","['[EE綜合教學大樓]', '[0-5分鐘]', 'x', 'x']",資訊學院
242,2,"['[不在學校]', 'x', 'x', 'x']","['[AA科技大樓]', '[0-5分鐘]', 'x', 'x']","['[S資訊管理大樓]', '[0-5分鐘]', 'x', 'x']","['[不在學校]', 'x', 'x', 'x']","['[不在學校]', 'x', 'x', 'x']",資訊學院
243,0,"['[EE綜合教學大樓]', '[0-5分鐘]', '[EE綜合教學大樓]', '[0-5分鐘]']","['[AA科技大樓]', '[0-5分鐘]', '[AA科技大樓]', '[0-5分鐘]']","['[AA科技大樓]', '[0-5分鐘]', '[AA科技大樓]', '[0-5分鐘]']","['[EE綜合教學大樓]', '[0-5分鐘]', '[EE綜合教學大樓]', '[0-5分鐘]']","['[EE綜合教學大樓]', '[0-5分鐘]', '[EE綜合教學大樓]', '[0-5分鐘]']",資訊學院
244,1,"['[不在學校]', 'x', '[不在學校]', 'x']","['[不在學校]', 'x', '[不在學校]', 'x']","['[S資訊管理大樓]', '[0-5分鐘]', '[AA科技大樓]', '[0-5分鐘]']","['[EE綜合教學大樓]', '[0-5分鐘]', '[EE綜合教學大樓]', '[0-5分鐘]']","['[不在學校]', 'x', '[不在學校]', 'x']",資訊學院
245,2,"['[體育一館]', '[0-5分鐘]', '[一餐]', '[0-5分鐘]']","['[室外籃球場]', '[0-5分鐘]', '[體育二館]', '[0-5分鐘]']","['[體育一館]', '[0-5分鐘]', '[三餐]', '[0-5分鐘]']","['[室外籃球場]', '[0-5分鐘]', '[操場]', '[0-5分鐘]']","['[體育一館]', '[0-5分鐘]', '[一餐]', '[0-5分鐘]']",資訊學院
246,0,"['[S資訊管理大樓]', '[0-5分鐘]', 'x', 'x']","['[不在學校]', 'x', 'x', 'x']","['[不在學校]', 'x', 'x', 'x']","['[不在學校]', 'x', 'x', 'x']","['[S資訊管理大樓]', '[0-5分鐘]', 'x', 'x']",資訊學院
247,1,"['[不在學校]', 'x', 'x', 'x']","['[AA科技大樓]', '[0-5分鐘]', 'x', 'x']","['[AA科技大樓]', '[0-5分鐘]', 'x', 'x']","['[AA科技大樓]', '[0-5分鐘]', 'x', 'x']","['[不在學校]', 'x', 'x', 'x']",資訊學院
248,2,"['[不在學校]', 'x', 'x', 'x']","['[AA科技大樓]', '[0-5分鐘]', 'x', 'x']","['[S資訊管理大樓]', '[0-5分鐘]', 'x', 'x']","['[不在學校]', 'x', 'x', 'x']","['[不在學校]', 'x', 'x', 'x']",資訊學院
249,0,"['[S資訊管理大樓]', '[5-10分鐘]', 'x', 'x']","['x', 'x', 'x', 'x']","['[AA科技大樓]', '[5-10分鐘]', 'x', 'x']","['[S資訊管理大樓]', '[5-10分鐘]', 'x', 'x']","['[S資訊管理大樓]', '[5-10分鐘]', 'x', 'x']",資訊學院
250,1,"['[AA科技大樓]', '[5-10分鐘]', 'x', 'x']","['[AA科技大樓]', '[5-10分鐘]', 'x', 'x']","['[S資訊管理大樓]', '[5-10分鐘]', 'x', 'x']","['[AA科技大樓]', '[5-10分鐘]', 'x', 'x']","['[AA科技大樓]', '[5-10分鐘]', 'x', 'x']",資訊學院
251,2,"['[AA科技大樓]', '[5-10分鐘]', 'x', 'x']","['[AA科技大樓]', '[5-10分鐘]', 'x', 'x']","['[AA科技大樓]', '[5-10分鐘]', 'x', 'x']","['[AA科技大樓]', '[5-10分鐘]', 'x', 'x']","['[AA科技大樓]', '[5-10分鐘]', 'x', 'x']",資訊學院
252,0,"['[S資訊管理大樓]', '[5-10分鐘]', 'x', 'x']","['x', 'x', 'x', 'x']","['[S資訊管理大樓]', '[5-10分鐘]', 'x', 'x']","['[S資訊管理大樓]', '[5-10分鐘]', 'x', 'x']","['[S資訊管理大樓]', '[5-10分鐘]', 'x', 'x']",資訊學院
253,1,"['[CC資訊網路大樓]', '[10-15分鐘]', '[AA科技大樓]', '[5-10分鐘]']","['[CC資訊網路大樓]', '[10-15分鐘]', 'x', 'x']","['[CC資訊網路大樓]', '[10-15分鐘]', 'x', 'x']","['[CC資訊網路大樓]', '[10-15分鐘]', '[AA科技大樓]', '[5-10分鐘]']","['[CC資訊網路大樓]', '[10-15分鐘]', '[AA科技大樓]', '[5-10分鐘]']",資訊學院
254,2,"['[AA科技大樓]', '[0-5分鐘]', 'x', 'x']","['[S資訊管理大樓]', '[0-5分鐘]', 'x', 'x']","['[S資訊管理大樓]', '[0-5分鐘]', 'x', 'x']","['[AA科技大樓]', '[0-5分鐘]', 'x', 'x']","['[AA科技大樓]', '[0-5分鐘]', 'x', 'x']",資訊學院
255,0,"['[AA科技大樓]', '[0-5分鐘]', 'x', 'x']","['[不在學校]', 'x', 'x', 'x']","['[EE綜合教學大樓]', '[0-5分鐘]', '[AA科技大樓]', '[0-5分鐘]']","['[S資訊管理大樓]', '[0-5分鐘]', '[AA科技大樓]', '[0-5分鐘]']","['[AA科技大樓]', '[0-5分鐘]', 'x', 'x']",資訊學院
256,1,"['[不在學校]', 'x', '[不在學校]', 'x']","['[不在學校]', 'x', '[不在學校]', 'x']","['[不在學校]', 'x', '[不在學校]', 'x']","['[不在學校]', 'x', '[不在學校]', 'x']","['[不在學校]', 'x', '[不在學校]', 'x']",資訊學院
257,2,"['[不在學校]', 'x', '[不在學校]', 'x']","['[不在學校]', 'x', '[不在學校]', 'x']","['[不在學校]', 'x', '[不在學校]', 'x']","['[不在學校]', 'x', '[不在學校]', 'x']","['[不在學校]', 'x', '[不在學校]', 'x']",資訊學院
258,0,"['[EE綜合教學大樓]', '[10-15分鐘]', 'x', 'x']","['[AA科技大樓]', '[5-10分鐘]', 'x', 'x']","['[AA科技大樓]', '[0-5分鐘]', 'x', 'x']","['[CC資訊網路大樓]', '[10-15分鐘]', '[CC資訊網路大樓]', '[0-5分鐘]']","['[EE綜合教學大樓]', '[10-15分鐘]', 'x', 'x']",資訊學院
259,1,"['[EE綜合教學大樓]', '[10-15分鐘]', 'x', 'x']","['[CC資訊網路大樓]', '[5-10分鐘]', '[EE綜合教學大樓]', '[5-10分鐘]']","['[S資訊管理大樓]', '[0-5分鐘]', 'x', 'x']","['[操場]', '[0-5分鐘]', 'x', 'x']","['[EE綜合教學大樓]', '[10-15分鐘]', 'x', 'x']",資訊學院
260,2,"['[不在學校]', 'x', 'x', 'x']","['[不在學校]', 'x', 'x', 'x']","['[不在學校]', 'x', 'x', 'x']","['[不在學校]', 'x', 'x', 'x']","['[不在學校]', 'x', 'x', 'x']",資訊學院
261,0,"['[P觀光語文大樓]', '[0-5分鐘]', 'x', 'x']","['[EE綜合教學大樓]', '[0-5分鐘]', 'x', 'x']","['[EE綜合教學大樓]', '[5-10分鐘]', 'x', 'x']","['[P觀光語文大樓]', '[0-5分鐘]', 'x', 'x']","['[P觀光語文大樓]', '[0-5分鐘]', 'x', 'x']",觀光學院
262,1,"['[不在學校]', 'x', 'x', 'x']","['[P觀光語文大樓]', '[0-5分鐘]', 'x', 'x']","['[不在學校]', 'x', 'x', 'x']","['[P觀光語文大樓]', '[0-5分鐘]', 'x', 'x']","['[不在學校]', 'x', 'x', 'x']",觀光學院
263,2,"['[不在學校]', 'x', 'x', 'x']","['[P觀光語文大樓]', '[0-5分鐘]', 'x', 'x']","['[不在學校]', 'x', 'x', 'x']","['[不在學校]', 'x', 'x', 'x']","['[不在學校]', 'x', 'x', 'x']",觀光學院
264,0,"['[S資訊管理大樓]', '[0-5分鐘]', 'x', 'x']","['[EE綜合教學大樓]', '[5-10分鐘]', '[S資訊管理大樓]', '[0-5分鐘]']","['[EE綜合教學大樓]', '[5-10分鐘]', 'x', 'x']","['[S資訊管理大樓]', '[0-5分鐘]', 'x', 'x']","['[S資訊管理大樓]', '[0-5分鐘]', 'x', 'x']",資訊學院
265,1,"['[不在學校]', '[不在學校]', 'x', 'x']","['[S資訊管理大樓]', '[0-5分鐘]', '[不在學校]', 'x']","['[不在學校]', '[不在學校]', 'x', 'x']","['[不在學校]', '[不在學校]', 'x', 'x']","['[不在學校]', '[不在學校]', 'x', 'x']",資訊學院
266,2,"['[不在學校]', '[不在學校]', 'x', 'x']","['[不在學校]', '[不在學校]', 'x', 'x']","['[不在學校]', '[不在學校]', 'x', 'x']","['[不在學校]', '[不在學校]', 'x', 'x']","['[不在學校]', '[不在學校]', 'x', 'x']",資訊學院
267,0,"['[不在學校]', '[不在學校]', 'x', 'x']","['[AA科技大樓]', '[0-5分鐘]', 'x', 'x']","['[AA科技大樓]', '[0-5分鐘]', 'x', 'x']","['[AA科技大樓]', '[0-5分鐘]', 'x', 'x']","['[不在學校]', '[不在學校]', 'x', 'x']",健康科技學院
268,1,"['[不在學校]', '[不在學校]', 'x', 'x']","['[AA科技大樓]', '[0-5分鐘]', '[AA科技大樓]', '[0-5分鐘]']","['[CC資訊網路大樓]', '[0-5分鐘]', '[CC資訊網路大樓]', '[0-5分鐘]']","['[EE綜合教學大樓]', '[0-5分鐘]', '[EE綜合教學大樓]', '[0-5分鐘]']","['[不在學校]', '[不在學校]', 'x', 'x']",健康科技學院
269,2,"['[不在學校]', '[不在學校]', 'x', 'x']","['[不在學校]', 'x', '[AA科技大樓]', '[0-5分鐘]']","['[不在學校]', 'x', '[AA科技大樓]', '[0-5分鐘]']","['[P觀光語文大樓]', '[0-5分鐘]', '[P觀光語文大樓]', '[0-5分鐘]']","['[不在學校]', '[不在學校]', 'x', 'x']",健康科技學院
270,0,"['[不在學校]', 'x', 'x', 'x']","['[M設計大樓]', '[0-5分鐘]', '[CC資訊網路大樓]', '[5-10分鐘]']","['[不在學校]', 'x', 'x', 'x']","['[不在學校]', 'x', 'x', 'x']","['[不在學校]', 'x', 'x', 'x']",資訊學院
271,1,"['[不在學校]', '[不在學校]', 'x', 'x']","['[不在學校]', '[不在學校]', 'x', 'x']","['[不在學校]', '[不在學校]', 'x', 'x']","['[不在學校]', '[不在學校]', 'x', 'x']","['[不在學校]', '[不在學校]', 'x', 'x']",資訊學院
272,2,"['[不在學校]', 'x', 'x', 'x']","['[不在學校]', '[不在學校]', 'x', 'x']","['[不在學校]', '[不在學校]', 'x', 'x']","['[不在學校]', '[不在學校]', 'x', 'x']","['[不在學校]', 'x', 'x', 'x']",資訊學院
273,0,"['[Q行政大樓OR圖書館]', '[0-5分鐘]', 'x', 'x']","['[EE綜合教學大樓]', '[0-5分鐘]', 'x', 'x']","['[EE綜合教學大樓]', '[0-5分鐘]', 'x', 'x']","['[M設計大樓]', '[5-10分鐘]', 'x', 'x']","['[Q行政大樓OR圖書館]', '[0-5分鐘]', 'x', 'x']",資訊學院
274,1,"['[S資訊管理大樓]', '[5-10分鐘]', 'x', 'x']","['[S資訊管理大樓]', '[0-5分鐘]', 'x', 'x']","['[S資訊管理大樓]', '[0-5分鐘]', 'x', 'x']","['[S資訊管理大樓]', '[5-10分鐘]', 'x', 'x']","['[S資訊管理大樓]', '[5-10分鐘]', 'x', 'x']",資訊學院
275,2,"['[S資訊管理大樓]', '[0-5分鐘]', '[Q行政大樓OR圖書館]', '[0-5分鐘]']","['x', 'x', 'x', 'x']","['[S資訊管理大樓]', '[0-5分鐘]', '[Q行政大樓OR圖書館]', '[0-5分鐘]']","['[S資訊管理大樓]', '[0-5分鐘]', '[Q行政大樓OR圖書館]', '[0-5分鐘]']","['[S資訊管理大樓]', '[0-5分鐘]', '[Q行政大樓OR圖書館]', '[0-5分鐘]']",資訊學院
276,0,"['[不在學校]', 'x', 'x', 'x']","['[不在學校]', 'x', 'x', 'x']","['[BB社科大樓]', '[0-5分鐘]', 'x', 'x']","['[不在學校]', 'x', 'x', 'x']","['[不在學校]', 'x', 'x', 'x']",社會科學院
277,1,"['[不在學校]', 'x', 'x', 'x']","['[不在學校]', 'x', 'x', 'x']","['[EE綜合教學大樓]', '[0-5分鐘]', 'x', 'x']","['[BB社科大樓]', '[0-5分鐘]', 'x', 'x']","['[不在學校]', 'x', 'x', 'x']",社會科學院
278,2,"['[不在學校]', 'x', 'x', 'x']","['[不在學校]', 'x', 'x', 'x']","['[不在學校]', 'x', 'x', 'x']","['[不在學校]', 'x', 'x', 'x']","['[不在學校]', 'x', 'x', 'x']",社會科學院
279,0,"['[M設計大樓]', '[0-5分鐘]', '[不在學校]', 'x']","['[M設計大樓]', '[0-5分鐘]', '[不在學校]', 'x']","['[M設計大樓]', '[0-5分鐘]', '[不在學校]', 'x']","['[M設計大樓]', '[0-5分鐘]', '[不在學校]', 'x']","['[M設計大樓]', '[0-5分鐘]', '[不在學校]', 'x']",設計學院
280,1,"['[M設計大樓]', '[0-5分鐘]', '[不在學校]', 'x']","['[M設計大樓]', '[0-5分鐘]', '[不在學校]', 'x']","['[M設計大樓]', '[0-5分鐘]', '[不在學校]', 'x']","['[M設計大樓]', '[0-5分鐘]', '[不在學校]', 'x']","['[M設計大樓]', '[0-5分鐘]', '[不在學校]', 'x']",設計學院
281,2,"['[不在學校]', '[不在學校]', 'x', 'x']","['[不在學校]', '[不在學校]', 'x', 'x']","['[不在學校]', '[不在學校]', 'x', 'x']","['[不在學校]', '[不在學校]', 'x', 'x']","['[不在學校]', '[不在學校]', 'x', 'x']",設計學院
282,0,"['[EE綜合教學大樓]', '[5-10分鐘]', '[M設計大樓]', '[5-10分鐘]']","['[EE綜合教學大樓]', '[5-10分鐘]', 'x', 'x']","['[EE綜合教學大樓]', '[5-10分鐘]', 'x', 'x']","['[EE綜合教學大樓]', '[5-10分鐘]', '[M設計大樓]', '[5-10分鐘]']","['[EE綜合教學大樓]', '[5-10分鐘]', '[M設計大樓]', '[5-10分鐘]']",教育暨應用語文學院
283,1,"['[EE綜合教學大樓]', '[5-10分鐘]', 'x', 'x']","['[EE綜合教學大樓]', '[5-10分鐘]', '[M設計大樓]', '[5-10分鐘]']","['[EE綜合教學大樓]', '[5-10分鐘]', '[M設計大樓]', '[5-10分鐘]']","['[EE綜合教學大樓]', '[5-10分鐘]', 'x', 'x']","['[EE綜合教學大樓]', '[5-10分鐘]', 'x', 'x']",教育暨應用語文學院
284,2,"['[S資訊管理大樓]', '[0-5分鐘]', 'x', 'x']","['x', 'x', 'x', 'x']","['[S資訊管理大樓]', '[0-5分鐘]', 'x', 'x']","['[S資訊管理大樓]', '[0-5分鐘]', 'x', 'x']","['[S資訊管理大樓]', '[0-5分鐘]', 'x', 'x']",教育暨應用語文學院
285,0,"['[M設計大樓]', '[5-10分鐘]', '[M設計大樓]', '[5-10分鐘]']","['[M設計大樓]', '[5-10分鐘]', '[不在學校]', 'x']","['[M設計大樓]', '[5-10分鐘]', '[M設計大樓]', '[5-10分鐘]']","['[M設計大樓]', '[5-10分鐘]', '[不在學校]', 'x']","['[M設計大樓]', '[5-10分鐘]', '[M設計大樓]', '[5-10分鐘]']",設計學院
286,1,"['[M設計大樓]', '[5-10分鐘]', '[Q行政大樓OR圖書館]', '[5-10分鐘]']","['[體育一館]', '[5-10分鐘]', '[Q行政大樓OR圖書館]', '[5-10分鐘]']","['[M設計大樓]', '[5-10分鐘]', '[EE綜合教學大樓]', '[5-10分鐘]']","['[M設計大樓]', '[5-10分鐘]', '[Q行政大樓OR圖書館]', '[5-10分鐘]']","['[M設計大樓]', '[5-10分鐘]', '[Q行政大樓OR圖書館]', '[5-10分鐘]']",設計學院
287,2,"['[不在學校]', 'x', '[不在學校]', 'x']","['[不在學校]', 'x', '[不在學校]', 'x']","['[不在學校]', 'x', '[不在學校]', 'x']","['[不在學校]', 'x', '[不在學校]', 'x']","['[不在學校]', 'x', '[不在學校]', 'x']",設計學院
288,0,"['[AA科技大樓]', '[0-5分鐘]', 'x', 'x']","['[學校宿舍]', '[0-5分鐘]', 'x', 'x']","['[學校宿舍]', '[0-5分鐘]', 'x', 'x']","['[EE綜合教學大樓]', '[0-5分鐘]', 'x', 'x']","['[AA科技大樓]', '[0-5分鐘]', 'x', 'x']",健康科技學院
289,1,"['[不在學校]', 'x', 'x', 'x']","['[學校宿舍]', '[0-5分鐘]', 'x', 'x']","['[學校宿舍]', '[0-5分鐘]', 'x', 'x']","['[EE綜合教學大樓]', '[5-10分鐘]', 'x', 'x']","['[不在學校]', 'x', 'x', 'x']",健康科技學院
290,2,"['[不在學校]', 'x', 'x', 'x']","['[學校宿舍]', '[0-5分鐘]', 'x', 'x']","['[學校宿舍]', '[0-5分鐘]', 'x', 'x']","['[學校宿舍]', '[0-5分鐘]', 'x', 'x']","['[不在學校]', 'x', 'x', 'x']",健康科技學院
291,0,"['[不在學校]', 'x', 'x', 'x']","['[不在學校]', 'x', 'x', 'x']","['[BB社科大樓]', '[0-5分鐘]', 'x', 'x']","['[BB社科大樓]', '[0-5分鐘]', 'x', 'x']","['[不在學校]', 'x', 'x', 'x']",社會科學院
292,1,"['[不在學校]', 'x', 'x', 'x']","['[BB社科大樓]', '[0-5分鐘]', 'x', 'x']","['[不在學校]', 'x', 'x', 'x']","['[BB社科大樓]', '[0-5分鐘]', 'x', 'x']","['[不在學校]', 'x', 'x', 'x']",社會科學院
293,2,"['[不在學校]', '[不在學校]', 'x', 'x']","['[不在學校]', '[不在學校]', 'x', 'x']","['[不在學校]', '[不在學校]', 'x', 'x']","['[不在學校]', '[不在學校]', 'x', 'x']","['[不在學校]', '[不在學校]', 'x', 'x']",社會科學院
294,0,"['[S資訊管理大樓]', '[0-5分鐘]', 'x', 'x']","['[S資訊管理大樓]', '[5-10分鐘]', 'x', 'x']","['[不在學校]', 'x', 'x', 'x']","['[不在學校]', 'x', 'x', 'x']","['[S資訊管理大樓]', '[0-5分鐘]', 'x', 'x']",資訊學院
295,1,"['[S資訊管理大樓]', '[0-5分鐘]', 'x', 'x']","['[S資訊管理大樓]', '[0-5分鐘]', 'x', 'x']","['[S資訊管理大樓]', '[0-5分鐘]', 'x', 'x']","['[S資訊管理大樓]', '[0-5分鐘]', 'x', 'x']","['[S資訊管理大樓]', '[0-5分鐘]', 'x', 'x']",資訊學院
296,2,"['x', 'x', 'x', 'x']","['[S資訊管理大樓]', '[0-5分鐘]', 'x', 'x']","['[S資訊管理大樓]', '[0-5分鐘]', 'x', 'x']","['[S資訊管理大樓]', '[0-5分鐘]', 'x', 'x']","['x', 'x', 'x', 'x']",資訊學院
297,0,"['[AA科技大樓]', '[10-15分鐘]', '[S資訊管理大樓]', '[5-10分鐘]']","['[AA科技大樓]', '[10-15分鐘]', '[S資訊管理大樓]', '[5-10分鐘]']","['[AA科技大樓]', '[10-15分鐘]', '[S資訊管理大樓]', '[5-10分鐘]']","['[AA科技大樓]', '[10-15分鐘]', '[S資訊管理大樓]', '[5-10分鐘]']","['[AA科技大樓]', '[10-15分鐘]', '[S資訊管理大樓]', '[5-10分鐘]']",資訊學院
298,1,"['[AA科技大樓]', '[5-10分鐘]', '[S資訊管理大樓]', '[5-10分鐘]']","['[AA科技大樓]', '[5-10分鐘]', '[S資訊管理大樓]', '[5-10分鐘]']","['[AA科技大樓]', '[5-10分鐘]', '[S資訊管理大樓]', '[5-10分鐘]']","['[AA科技大樓]', '[5-10分鐘]', '[S資訊管理大樓]', '[5-10分鐘]']","['[AA科技大樓]', '[5-10分鐘]', '[S資訊管理大樓]', '[5-10分鐘]']",資訊學院
299,2,"['[不在學校]', '[不在學校]', 'x', 'x']","['[不在學校]', '[不在學校]', 'x', 'x']","['[不在學校]', '[不在學校]', 'x', 'x']","['[不在學校]', '[不在學校]', 'x', 'x']","['[不在學校]', '[不在學校]', 'x', 'x']",資訊學院
300,0,"['[S資訊管理大樓]', '[0-5分鐘]', 'x', 'x']","['[S資訊管理大樓]', '[0-5分鐘]', 'x', 'x']","['[S資訊管理大樓]', '[0-5分鐘]', 'x', 'x']","['[S資訊管理大樓]', '[0-5分鐘]', 'x', 'x']","['[S資訊管理大樓]', '[0-5分鐘]', 'x', 'x']",資訊學院
301,1,"['[S資訊管理大樓]', '[0-5分鐘]', 'x', 'x']","['[S資訊管理大樓]', '[0-5分鐘]', 'x', 'x']","['[S資訊管理大樓]', '[0-5分鐘]', 'x', 'x']","['[S資訊管理大樓]', '[0-5分鐘]', 'x', 'x']","['[S資訊管理大樓]', '[0-5分鐘]', 'x', 'x']",資訊學院
302,2,"['x', 'x', 'x', 'x']","['x', 'x', 'x', 'x']","['x', 'x', 'x', 'x']","['x', 'x', 'x', 'x']","['x', 'x', 'x', 'x']",資訊學院
303,0,"['[S資訊管理大樓]', '[0-5分鐘]', 'x', 'x']","['[EE綜合教學大樓]', '[5-10分鐘]', 'x', 'x']","['[S資訊管理大樓]', '[0-5分鐘]', 'x', 'x']","['[S資訊管理大樓]', '[0-5分鐘]', 'x', 'x']","['[S資訊管理大樓]', '[0-5分鐘]', 'x', 'x']",金融科技學院
304,1,"['[S資訊管理大樓]', '[0-5分鐘]', 'x', 'x']","['[CC資訊網路大樓]', '[0-5分鐘]', 'x', 'x']","['[S資訊管理大樓]', '[0-5分鐘]', 'x', 'x']","['[S資訊管理大樓]', '[0-5分鐘]', 'x', 'x']","['[S資訊管理大樓]', '[0-5分鐘]', 'x', 'x']",金融科技學院
305,2,"['[不在學校]', 'x', 'x', 'x']","['[體育一館]', '[5-10分鐘]', 'x', 'x']","['[S資訊管理大樓]', '[0-5分鐘]', 'x', 'x']","['[不在學校]', 'x', 'x', 'x']","['[不在學校]', 'x', 'x', 'x']",金融科技學院
306,0,"['[S資訊管理大樓]', '[0-5分鐘]', '[Q行政大樓OR圖書館]', '[0-5分鐘]']","['[S資訊管理大樓]', '[0-5分鐘]', '[二餐]', '[0-5分鐘]']","['[不在學校]', '[不在學校]', 'x', 'x']","['[S資訊管理大樓]', '[0-5分鐘]', '[二餐]', '[0-5分鐘]']","['[S資訊管理大樓]', '[0-5分鐘]', '[Q行政大樓OR圖書館]', '[0-5分鐘]']",金融科技學院
307,1,"['[不在學校]', 'x', 'x', 'x']","['[EE綜合教學大樓]', '[0-5分鐘]', '[CC資訊網路大樓]', '[0-5分鐘]']","['[S資訊管理大樓]', '[0-5分鐘]', 'x', 'x']","['[S資訊管理大樓]', '[0-5分鐘]', 'x', 'x']","['[不在學校]', 'x', 'x', 'x']",金融科技學院
308,2,"['[不在學校]', 'x', 'x', 'x']","['[Q行政大樓OR圖書館]', '[0-5分鐘]', 'x', 'x']","['[Q行政大樓OR圖書館]', '[0-5分鐘]', 'x', 'x']","['[Q行政大樓OR圖書館]', '[0-5分鐘]', 'x', 'x']","['[不在學校]', 'x', 'x', 'x']",金融科技學院
309,0,"['[M設計大樓]', '[0-5分鐘]', '[P觀光語文大樓]', '[0-5分鐘]']","['[M設計大樓]', '[0-5分鐘]', 'x', 'x']","['[M設計大樓]', '[0-5分鐘]', '[P觀光語文大樓]', '[0-5分鐘]']","['[M設計大樓]', '[0-5分鐘]', '[P觀光語文大樓]', '[0-5分鐘]']","['[M設計大樓]', '[0-5分鐘]', '[P觀光語文大樓]', '[0-5分鐘]']",設計學院
310,1,"['[M設計大樓]', '[0-5分鐘]', '[一餐]', '[0-5分鐘]']","['[M設計大樓]', '[0-5分鐘]', 'x', 'x']","['[M設計大樓]', '[0-5分鐘]', '[一餐]', '[0-5分鐘]']","['[M設計大樓]', '[0-5分鐘]', '[一餐]', '[0-5分鐘]']","['[M設計大樓]', '[0-5分鐘]', '[一餐]', '[0-5分鐘]']",設計學院
311,2,"['[不在學校]', '[不在學校]', 'x', 'x']","['[不在學校]', '[不在學校]', 'x', 'x']","['[不在學校]', '[不在學校]', 'x', 'x']","['[不在學校]', '[不在學校]', 'x', 'x']","['[不在學校]', '[不在學校]', 'x', 'x']",設計學院
312,0,"['[不在學校]', 'x', 'x', 'x']","['[M設計大樓]', '[0-5分鐘]', 'x', 'x']","['[M設計大樓]', '[0-5分鐘]', 'x', 'x']","['[M設計大樓]', '[0-5分鐘]', 'x', 'x']","['[不在學校]', 'x', 'x', 'x']",設計學院
313,1,"['[不在學校]', 'x', 'x', 'x']","['[M設計大樓]', '[0-5分鐘]', 'x', 'x']","['[M設計大樓]', '[0-5分鐘]', 'x', 'x']","['[M設計大樓]', '[0-5分鐘]', 'x', 'x']","['[不在學校]', 'x', 'x', 'x']",設計學院
314,2,"['[不在學校]', 'x', 'x', 'x']","['[M設計大樓]', '[0-5分鐘]', 'x', 'x']","['[不在學校]', 'x', 'x', 'x']","['[不在學校]', 'x', 'x', 'x']","['[不在學校]', 'x', 'x', 'x']",設計學院
315,0,"['[不在學校]', 'x', 'x', 'x']","['[不在學校]', 'x', 'x', 'x']","['[BB社科大樓]', '[0-5分鐘]', 'x', 'x']","['[不在學校]', 'x', 'x', 'x']","['[不在學校]', 'x', 'x', 'x']",社會科學院
316,1,"['[不在學校]', 'x', 'x', 'x']","['[不在學校]', 'x', 'x', 'x']","['[EE綜合教學大樓]', '[0-5分鐘]', 'x', 'x']","['[BB社科大樓]', '[0-5分鐘]', 'x', 'x']","['[不在學校]', 'x', 'x', 'x']",社會科學院
317,2,"['[不在學校]', 'x', 'x', 'x']","['[不在學校]', 'x', 'x', 'x']","['[不在學校]', 'x', 'x', 'x']","['[不在學校]', 'x', 'x', 'x']","['[不在學校]', 'x', 'x', 'x']",社會科學院
318,0,"['[不在學校]', 'x', 'x', 'x']","['[M設計大樓]', '[5-10分鐘]', 'x', 'x']","['[M設計大樓]', '[5-10分鐘]', 'x', 'x']","['[M設計大樓]', '[5-10分鐘]', 'x', 'x']","['[不在學校]', 'x', 'x', 'x']",設計學院
319,1,"['[不在學校]', 'x', 'x', 'x']","['[不在學校]', 'x', 'x', 'x']","['[M設計大樓]', '[5-10分鐘]', 'x', 'x']","['[M設計大樓]', '[5-10分鐘]', 'x', 'x']","['[不在學校]', 'x', 'x', 'x']",設計學院
320,2,"['[不在學校]', 'x', 'x', 'x']","['x', 'x', 'x', 'x']","['[M設計大樓]', '[5-10分鐘]', '[不在學校]', 'x']","['[不在學校]', 'x', '[不在學校]', 'x']","['[不在學校]', 'x', 'x', 'x']",設計學院
321,0,"['[S資訊管理大樓]', '[5-10分鐘]', '[AA科技大樓]', '[0-5分鐘]']","['[S資訊管理大樓]', '[5-10分鐘]', '[AA科技大樓]', '[0-5分鐘]']","['[S資訊管理大樓]', '[5-10分鐘]', '[AA科技大樓]', '[0-5分鐘]']","['[S資訊管理大樓]', '[5-10分鐘]', '[AA科技大樓]', '[0-5分鐘]']","['[S資訊管理大樓]', '[5-10分鐘]', '[AA科技大樓]', '[0-5分鐘]']",資訊學院
322,1,"['[S資訊管理大樓]', '[5-10分鐘]', '[AA科技大樓]', '[5-10分鐘]']","['[S資訊管理大樓]', '[5-10分鐘]', '[AA科技大樓]', '[5-10分鐘]']","['[S資訊管理大樓]', '[5-10分鐘]', '[AA科技大樓]', '[5-10分鐘]']","['[S資訊管理大樓]', '[5-10分鐘]', '[AA科技大樓]', '[5-10分鐘]']","['[S資訊管理大樓]', '[5-10分鐘]', '[AA科技大樓]', '[5-10分鐘]']",資訊學院
323,2,"['[不在學校]', 'x', 'x', 'x']","['[體育一館]', '[0-5分鐘]', 'x', 'x']","['[不在學校]', 'x', 'x', 'x']","['[體育一館]', '[0-5分鐘]', 'x', 'x']","['[不在學校]', 'x', 'x', 'x']",資訊學院
324,0,"['[室外籃球場]', '[0-5分鐘]', 'x', 'x']","['[EE綜合教學大樓]', '[0-5分鐘]', 'x', 'x']","['[P觀光語文大樓]', '[0-5分鐘]', 'x', 'x']","['[P觀光語文大樓]', '[0-5分鐘]', 'x', 'x']","['[室外籃球場]', '[0-5分鐘]', 'x', 'x']",教育暨應用語文學院
325,1,"['[不在學校]', 'x', 'x', 'x']","['[EE綜合教學大樓]', '[0-5分鐘]', 'x', 'x']","['[不在學校]', 'x', 'x', 'x']","['[不在學校]', 'x', 'x', 'x']","['[不在學校]', 'x', 'x', 'x']",教育暨應用語文學院
326,2,"['[S資訊管理大樓]', '[0-5分鐘]', 'x', 'x']","['[S資訊管理大樓]', '[0-5分鐘]', 'x', 'x']","['[S資訊管理大樓]', '[0-5分鐘]', 'x', 'x']","['[S資訊管理大樓]', '[0-5分鐘]', 'x', 'x']","['[S資訊管理大樓]', '[0-5分鐘]', 'x', 'x']",教育暨應用語文學院
327,0,"['[不在學校]', 'x', 'x', 'x']","['[M設計大樓]', '[5-10分鐘]', 'x', 'x']","['[M設計大樓]', '[5-10分鐘]', '[EE綜合教學大樓]', '[15-20分鐘]']","['[不在學校]', 'x', 'x', 'x']","['[不在學校]', 'x', 'x', 'x']",設計學院
328,1,"['[不在學校]', 'x', 'x', 'x']","['[M設計大樓]', '[5-10分鐘]', 'x', 'x']","['[不在學校]', 'x', 'x', 'x']","['[不在學校]', 'x', 'x', 'x']","['[不在學校]', 'x', 'x', 'x']",設計學院
329,2,"['[不在學校]', 'x', 'x', 'x']","['[M設計大樓]', '[5-10分鐘]', 'x', 'x']","['[不在學校]', 'x', 'x', 'x']","['[不在學校]', 'x', 'x', 'x']","['[不在學校]', 'x', 'x', 'x']",設計學院
330,0,"['x', 'x', 'x', 'x']","['[M設計大樓]', '[0-5分鐘]', 'x', 'x']","['[M設計大樓]', '[0-5分鐘]', 'x', 'x']","['[M設計大樓]', '[0-5分鐘]', 'x', 'x']","['x', 'x', 'x', 'x']",設計學院
331,1,"['[不在學校]', 'x', 'x', 'x']","['[M設計大樓]', '[0-5分鐘]', 'x', 'x']","['[M設計大樓]', '[0-5分鐘]', 'x', 'x']","['[M設計大樓]', '[0-5分鐘]', 'x', 'x']","['[不在學校]', 'x', 'x', 'x']",設計學院
332,2,"['[不在學校]', 'x', 'x', 'x']","['[不在學校]', 'x', 'x', 'x']","['[不在學校]', 'x', 'x', 'x']","['[不在學校]', 'x', 'x', 'x']","['[不在學校]', 'x', 'x', 'x']",設計學院
333,0,"['[EE綜合教學大樓]', '[5-10分鐘]', '[AA科技大樓]', '[5-10分鐘]']","['[BB社科大樓]', '[5-10分鐘]', 'x', 'x']","['[EE綜合教學大樓]', '[5-10分鐘]', '[體育一館]', '[0-5分鐘]']","['[EE綜合教學大樓]', '[5-10分鐘]', '[AA科技大樓]', '[5-10分鐘]']","['[EE綜合教學大樓]', '[5-10分鐘]', '[AA科技大樓]', '[5-10分鐘]']",社會科學院
334,1,"['[EE綜合教學大樓]', '[5-10分鐘]', 'x', 'x']","['[BB社科大樓]', '[5-10分鐘]', 'x', 'x']","['[BB社科大樓]', '[5-10分鐘]', 'x', 'x']","['[EE綜合教學大樓]', '[5-10分鐘]', 'x', 'x']","['[EE綜合教學大樓]', '[5-10分鐘]', 'x', 'x']",社會科學院
335,2,"['x', 'x', 'x', 'x']","['x', 'x', 'x', 'x']","['x', 'x', 'x', 'x']","['x', 'x', 'x', 'x']","['x', 'x', 'x', 'x']",社會科學院
336,0,"['[不在學校]', '[不在學校]', 'x', 'x']","['[BB社科大樓]', '[10-15分鐘]', '[BB社科大樓]', '[10-15分鐘]']","['[不在學校]', '[不在學校]', 'x', 'x']","['[不在學校]', '[不在學校]', 'x', 'x']","['[不在學校]', '[不在學校]', 'x', 'x']",社會科學院
337,1,"['[不在學校]', '[不在學校]', 'x', 'x']","['[BB社科大樓]', '[10-15分鐘]', '[BB社科大樓]', '[10-15分鐘]']","['[EE綜合教學大樓]', '[0-5分鐘]', '[S資訊管理大樓]', '[5-10分鐘]']","['[不在學校]', '[不在學校]', 'x', 'x']","['[不在學校]', '[不在學校]', 'x', 'x']",社會科學院
338,2,"['[不在學校]', '[不在學校]', '幾點', 'x']","['[不在學校]', '[不在學校]', 'x', 'x']","['[不在學校]', '[不在學校]', 'x', 'x']","['[不在學校]', '[不在學校]', 'x', 'x']","['[不在學校]', '[不在學校]', '幾點', 'x']",社會科學院
339,0,"['[學校宿舍]', '[0-5分鐘]', '[學校宿舍]', '[0-5分鐘]']","['[M設計大樓]', '[10-15分鐘]', '[M設計大樓]', '[5-10分鐘]']","['[M設計大樓]', '[10-15分鐘]', '[M設計大樓]', '[5-10分鐘]']","['[學校宿舍]', '[0-5分鐘]', '[學校宿舍]', '[0-5分鐘]']","['[學校宿舍]', '[0-5分鐘]', '[學校宿舍]', '[0-5分鐘]']",設計學院
340,1,"['[M設計大樓]', '[5-10分鐘]', 'x', 'x']","['[學校宿舍]', '[0-5分鐘]', 'x', 'x']","['[M設計大樓]', '[5-10分鐘]', 'x', 'x']","['[體育一館]', '[0-5分鐘]', 'x', 'x']","['[M設計大樓]', '[5-10分鐘]', 'x', 'x']",設計學院
341,2,"['[學校宿舍]', '[0-5分鐘]', 'x', 'x']","['[學校宿舍]', '[0-5分鐘]', 'x', 'x']","['[學校宿舍]', '[0-5分鐘]', 'x', 'x']","['[學校宿舍]', '[0-5分鐘]', 'x', 'x']","['[學校宿舍]', '[0-5分鐘]', 'x', 'x']",設計學院
342,0,"['[操場]', '[0-5分鐘]', '[操場]', '[0-5分鐘]']","['[BB社科大樓]', '[5-10分鐘]', '[BB社科大樓]', '[5-10分鐘]']","['[BB社科大樓]', '[5-10分鐘]', '[BB社科大樓]', '[5-10分鐘]']","['[BB社科大樓]', '[5-10分鐘]', '[BB社科大樓]', '[5-10分鐘]']","['[操場]', '[0-5分鐘]', '[操場]', '[0-5分鐘]']",社會科學院
343,1,"['[不在學校]', '[不在學校]', 'x', 'x']","['[EE綜合教學大樓]', '[5-10分鐘]', '[EE綜合教學大樓]', '[5-10分鐘]']","['[BB社科大樓]', '[0-5分鐘]', '[BB社科大樓]', '[0-5分鐘]']","['[EE綜合教學大樓]', '[5-10分鐘]', '[體育二館]', '[0-5分鐘]']","['[不在學校]', '[不在學校]', 'x', 'x']",社會科學院
344,2,"['[不在學校]', '[不在學校]', 'x', 'x']","['[不在學校]', '[不在學校]', 'x', 'x']","['[不在學校]', '[不在學校]', 'x', 'x']","['[不在學校]', '[不在學校]', 'x', 'x']","['[不在學校]', '[不在學校]', 'x', 'x']",社會科學院
345,0,"['[BB社科大樓]', '[5-10分鐘]', '[P觀光語文大樓]', '[10-15分鐘]']","['[BB社科大樓]', '[5-10分鐘]', 'x', 'x']","['[BB社科大樓]', '[5-10分鐘]', 'x', 'x']","['[BB社科大樓]', '[5-10分鐘]', '[P觀光語文大樓]', '[10-15分鐘]']","['[BB社科大樓]', '[5-10分鐘]', '[P觀光語文大樓]', '[10-15分鐘]']",社會科學院
346,1,"['[EE綜合教學大樓]', '[10-15分鐘]', 'x', 'x']","['[CC資訊網路大樓]', '[10-15分鐘]', 'x', 'x']","['[CC資訊網路大樓]', '[10-15分鐘]', 'x', 'x']","['[EE綜合教學大樓]', '[10-15分鐘]', 'x', 'x']","['[EE綜合教學大樓]', '[10-15分鐘]', 'x', 'x']",社會科學院
347,2,"['x', 'x', 'x', 'x']","['x', 'x', 'x', 'x']","['x', 'x', 'x', 'x']","['x', 'x', 'x', 'x']","['x', 'x', 'x', 'x']",社會科學院
348,0,"['[不在學校]', 'x', 'x', 'x']","['[EE綜合教學大樓]', '[10-15分鐘]', 'x', 'x']","['[不在學校]', 'x', 'x', 'x']","['[AA科技大樓]', '[0-5分鐘]', 'x', 'x']","['[不在學校]', 'x', 'x', 'x']",資訊學院
349,1,"['[S資訊管理大樓]', '[0-5分鐘]', 'x', 'x']","['[AA科技大樓]', '[0-5分鐘]', 'x', 'x']","['[EE綜合教學大樓]', '[10-15分鐘]', 'x', 'x']","['[AA科技大樓]', '[0-5分鐘]', 'x', 'x']","['[S資訊管理大樓]', '[0-5分鐘]', 'x', 'x']",資訊學院
350,2,"['[不在學校]', 'x', 'x', 'x']","['[不在學校]', 'x', 'x', 'x']","['[S資訊管理大樓]', '[5-10分鐘]', 'x', 'x']","['[不在學校]', 'x', 'x', 'x']","['[不在學校]', 'x', 'x', 'x']",資訊學院
351,0,"['[體育一館]', '[20分鐘以上]', '[EE綜合教學大樓]', '[20分鐘以上]']","['[FF國際大樓]', '[10-15分鐘]', '[AA科技大樓]', '[5-10分鐘]']","['x', '[S資訊管理大樓]', '[10-15分鐘]', 'x']","['[室外籃球場]', '[15-20分鐘]', '[P觀光語文大樓]', '[15-20分鐘]']","['[體育一館]', '[20分鐘以上]', '[EE綜合教學大樓]', '[20分鐘以上]']",社會科學院
352,1,"['[EE綜合教學大樓]', '[20分鐘以上]', '[EE綜合教學大樓]', '[20分鐘以上]']","['[AA科技大樓]', '[5-10分鐘]', '[AA科技大樓]', '[5-10分鐘]']","['[S資訊管理大樓]', '[10-15分鐘]', '[S資訊管理大樓]', '[10-15分鐘]']","['[P觀光語文大樓]', '[15-20分鐘]', '[P觀光語文大樓]', '[15-20分鐘]']","['[EE綜合教學大樓]', '[20分鐘以上]', '[EE綜合教學大樓]', '[20分鐘以上]']",社會科學院
353,2,"['[EE綜合教學大樓]', '[20分鐘以上]', '[EE綜合教學大樓]', '[20分鐘以上]']","['[AA科技大樓]', '[5-10分鐘]', '[AA科技大樓]', '[5-10分鐘]']","['[S資訊管理大樓]', '[10-15分鐘]', '[S資訊管理大樓]', '[10-15分鐘]']","['[P觀光語文大樓]', '[15-20分鐘]', '[P觀光語文大樓]', '[15-20分鐘]']","['[EE綜合教學大樓]', '[20分鐘以上]', '[EE綜合教學大樓]', '[20分鐘以上]']",社會科學院
354,0,"['[M設計大樓]', '[5-10分鐘]', '[M設計大樓]', '[5-10分鐘]']","['[CC資訊網路大樓]', '[5-10分鐘]', '[CC資訊網路大樓]', '[5-10分鐘]']","['[EE綜合教學大樓]', '[5-10分鐘]', '[EE綜合教學大樓]', '[5-10分鐘]']","['[EE綜合教學大樓]', '[5-10分鐘]', '[EE綜合教學大樓]', '[5-10分鐘]']","['[M設計大樓]', '[5-10分鐘]', '[M設計大樓]', '[5-10分鐘]']",觀光學院
355,1,"['[不在學校]', 'x', '[EE綜合教學大樓]', '[5-10分鐘]']","['[EE綜合教學大樓]', '[5-10分鐘]', '[EE綜合教學大樓]', '[5-10分鐘]']","['[EE綜合教學大樓]', '[5-10分鐘]', '[EE綜合教學大樓]', '[5-10分鐘]']","['[EE綜合教學大樓]', '[5-10分鐘]', '[EE綜合教學大樓]', '[5-10分鐘]']","['[不在學校]', 'x', '[EE綜合教學大樓]', '[5-10分鐘]']",觀光學院
356,2,"['[不在學校]', 'x', '[學校宿舍]', '[5-10分鐘]']","['[不在學校]', 'x', '[學校宿舍]', '[5-10分鐘]']","['[不在學校]', 'x', '[學校宿舍]', '[5-10分鐘]']","['[不在學校]', 'x', '[學校宿舍]', '[5-10分鐘]']","['[不在學校]', 'x', '[學校宿舍]', '[5-10分鐘]']",觀光學院
357,0,"['[EE綜合教學大樓]', '[10-15分鐘]', '[CC資訊網路大樓]', '[10-15分鐘]']","['[S資訊管理大樓]', '[5-10分鐘]', 'x', 'x']","['[S資訊管理大樓]', '[5-10分鐘]', 'x', 'x']","['[M設計大樓]', '[5-10分鐘]', 'x', 'x']","['[EE綜合教學大樓]', '[10-15分鐘]', '[CC資訊網路大樓]', '[10-15分鐘]']",資訊學院
358,1,"['[S資訊管理大樓]', '[0-5分鐘]', 'x', 'x']","['[S資訊管理大樓]', '[0-5分鐘]', 'x', 'x']","['[S資訊管理大樓]', '[0-5分鐘]', 'x', 'x']","['[S資訊管理大樓]', '[0-5分鐘]', 'x', 'x']","['[S資訊管理大樓]', '[0-5分鐘]', 'x', 'x']",資訊學院
359,2,"['[不在學校]', 'x', 'x', 'x']","['[不在學校]', 'x', 'x', 'x']","['[不在學校]', 'x', 'x', 'x']","['[不在學校]', 'x', 'x', 'x']","['[不在學校]', 'x', 'x', 'x']",資訊學院
360,0,"['[EE綜合教學大樓]', '[0-5分鐘]', 'x', 'x']","['[EE綜合教學大樓]', '[0-5分鐘]', 'x', 'x']","['[EE綜合教學大樓]', '[0-5分鐘]', 'x', 'x']","['[EE綜合教學大樓]', '[0-5分鐘]', 'x', 'x']","['[EE綜合教學大樓]', '[0-5分鐘]', 'x', 'x']",教育暨應用語文學院
361,1,"['[不在學校]', 'x', 'x', 'x']","['[EE綜合教學大樓]', '[0-5分鐘]', 'x', 'x']","['[不在學校]', 'x', 'x', 'x']","['[EE綜合教學大樓]', '[0-5分鐘]', 'x', 'x']","['[不在學校]', 'x', 'x', 'x']",教育暨應用語文學院
362,2,"['[不在學校]', 'x', 'x', 'x']","['[不在學校]', 'x', 'x', 'x']","['[不在學校]', 'x', 'x', 'x']","['[不在學校]', 'x', 'x', 'x']","['[不在學校]', 'x', 'x', 'x']",教育暨應用語文學院
363,0,"['[不在學校]', 'x', '[M設計大樓]', '[0-5分鐘]']","['[M設計大樓]', '[0-5分鐘]', '[M設計大樓]', '[0-5分鐘]']","['[M設計大樓]', '[0-5分鐘]', '[M設計大樓]', '[0-5分鐘]']","['[M設計大樓]', '[0-5分鐘]', '[M設計大樓]', '[0-5分鐘]']","['[不在學校]', 'x', '[M設計大樓]', '[0-5分鐘]']",設計學院
364,1,"['[M設計大樓]', '[0-5分鐘]', '[不在學校]', 'x']","['[M設計大樓]', '[0-5分鐘]', '[M設計大樓]', '[0-5分鐘]']","['[M設計大樓]', '[0-5分鐘]', '[M設計大樓]', '[0-5分鐘]']","['[M設計大樓]', '[0-5分鐘]', '[M設計大樓]', '[0-5分鐘]']","['[M設計大樓]', '[0-5分鐘]', '[不在學校]', 'x']",設計學院
365,2,"['[不在學校]', 'x', '[不在學校]', 'x']","['[M設計大樓]', '[0-5分鐘]', '[M設計大樓]', '[0-5分鐘]']","['[M設計大樓]', '[0-5分鐘]', '[M設計大樓]', '[0-5分鐘]']","['[M設計大樓]', '[0-5分鐘]', '[M設計大樓]', '[0-5分鐘]']","['[不在學校]', 'x', '[不在學校]', 'x']",設計學院
366,0,"['[不在學校]', 'x', 'x', 'x']","['[M設計大樓]', '[0-5分鐘]', 'x', 'x']","['[M設計大樓]', '[0-5分鐘]', 'x', 'x']","['[M設計大樓]', '[0-5分鐘]', 'x', 'x']","['[不在學校]', 'x', 'x', 'x']",設計學院
367,1,"['[不在學校]', 'x', 'x', 'x']","['[M設計大樓]', '[0-5分鐘]', 'x', 'x']","['[M設計大樓]', '[0-5分鐘]', 'x', 'x']","['[M設計大樓]', '[0-5分鐘]', 'x', 'x']","['[不在學校]', 'x', 'x', 'x']",設計學院
368,2,"['[不在學校]', 'x', 'x', 'x']","['[M設計大樓]', '[0-5分鐘]', 'x', 'x']","['[不在學校]', 'x', 'x', 'x']","['[不在學校]', 'x', 'x', 'x']","['[不在學校]', 'x', 'x', 'x']",設計學院
369,0,"['[學校宿舍]', '[0-5分鐘]', 'x', 'x']","['[P觀光語文大樓]', '[0-5分鐘]', '[P觀光語文大樓]', '[0-5分鐘]']","['[S資訊管理大樓]', '[0-5分鐘]', '[S資訊管理大樓]', '[0-5分鐘]']","['[學校宿舍]', '[0-5分鐘]', 'x', 'x']","['[學校宿舍]', '[0-5分鐘]', 'x', 'x']",社會科學院
370,1,"['[學校宿舍]', '[0-5分鐘]', 'x', 'x']","['[學校宿舍]', '[0-5分鐘]', 'x', 'x']","['[學校宿舍]', '[0-5分鐘]', 'x', 'x']","['[學校宿舍]', '[0-5分鐘]', 'x', 'x']","['[學校宿舍]', '[0-5分鐘]', 'x', 'x']",社會科學院
371,2,"['[操場]', '[0-5分鐘]', '[學校宿舍]', '[0-5分鐘]']","['[學校宿舍]', '[0-5分鐘]', 'x', 'x']","['[學校宿舍]', '[0-5分鐘]', 'x', 'x']","['[操場]', '[0-5分鐘]', '[學校宿舍]', '[0-5分鐘]']","['[操場]', '[0-5分鐘]', '[學校宿舍]', '[0-5分鐘]']",社會科學院
372,0,"['[不在學校]', 'x', 'x', 'x']","['[CC資訊網路大樓]', '[5-10分鐘]', '[CC資訊網路大樓]', '[5-10分鐘]']","['[不在學校]', '[不在學校]', 'x', 'x']","['[EE綜合教學大樓]', '[5-10分鐘]', '[EE綜合教學大樓]', '[5-10分鐘]']","['[不在學校]', 'x', 'x', 'x']",資訊學院
373,1,"['[不在學校]', 'x', 'x', 'x']","['[體育一館]', '[0-5分鐘]', '[體育一館]', '[0-5分鐘]']","['[AA科技大樓]', '[0-5分鐘]', '[AA科技大樓]', '[0-5分鐘]']","['[S資訊管理大樓]', '[0-5分鐘]', '[S資訊管理大樓]', '[0-5分鐘]']","['[不在學校]', 'x', 'x', 'x']",資訊學院
374,2,"['[不在學校]', '[不在學校]', 'x', 'x']","['[不在學校]', '[不在學校]', 'x', 'x']","['[S資訊管理大樓]', '[0-5分鐘]', '[S資訊管理大樓]', '[0-5分鐘]']","['[不在學校]', '[不在學校]', 'x', 'x']","['[不在學校]', '[不在學校]', 'x', 'x']",資訊學院
375,0,"['[不在學校]', 'x', 'x', 'x']","['[M設計大樓]', '[0-5分鐘]', 'x', 'x']","['[M設計大樓]', '[5-10分鐘]', 'x', 'x']","['[不在學校]', 'x', 'x', 'x']","['[不在學校]', 'x', 'x', 'x']",設計學院
376,1,"['[不在學校]', 'x', 'x', 'x']","['[M設計大樓]', '[5-10分鐘]', 'x', 'x']","['[M設計大樓]', '[5-10分鐘]', 'x', 'x']","['[不在學校]', 'x', 'x', 'x']","['[不在學校]', 'x', 'x', 'x']",設計學院
377,2,"['[不在學校]', 'x', 'x', 'x']","['[體育一館]', '[0-5分鐘]', 'x', 'x']","['[不在學校]', 'x', 'x', 'x']","['[不在學校]', 'x', 'x', 'x']","['[不在學校]', 'x', 'x', 'x']",設計學院
378,0,"['[S資訊管理大樓]', '[5-10分鐘]', '[S資訊管理大樓]', '[0-5分鐘]']","['[S資訊管理大樓]', '[5-10分鐘]', '[S資訊管理大樓]', '[0-5分鐘]']","['[S資訊管理大樓]', '[5-10分鐘]', '[S資訊管理大樓]', '[0-5分鐘]']","['[S資訊管理大樓]', '[5-10分鐘]', '[S資訊管理大樓]', '[0-5分鐘]']","['[S資訊管理大樓]', '[5-10分鐘]', '[S資訊管理大樓]', '[0-5分鐘]']",資訊學院
379,1,"['[S資訊管理大樓]', '[5-10分鐘]', '[S資訊管理大樓]', '[5-10分鐘]']","['[S資訊管理大樓]', '[5-10分鐘]', '[S資訊管理大樓]', '[5-10分鐘]']","['[S資訊管理大樓]', '[5-10分鐘]', '[S資訊管理大樓]', '[5-10分鐘]']","['[S資訊管理大樓]', '[5-10分鐘]', '[S資訊管理大樓]', '[5-10分鐘]']","['[S資訊管理大樓]', '[5-10分鐘]', '[S資訊管理大樓]', '[5-10分鐘]']",資訊學院
380,2,"['[S資訊管理大樓]', '[5-10分鐘]', '[S資訊管理大樓]', '[5-10分鐘]']","['[S資訊管理大樓]', '[5-10分鐘]', '[S資訊管理大樓]', '[5-10分鐘]']","['[S資訊管理大樓]', '[5-10分鐘]', '[S資訊管理大樓]', '[5-10分鐘]']","['[S資訊管理大樓]', '[5-10分鐘]', '[S資訊管理大樓]', '[5-10分鐘]']","['[S資訊管理大樓]', '[5-10分鐘]', '[S資訊管理大樓]', '[5-10分鐘]']",資訊學院
381,0,"['[Q行政大樓OR圖書館]', '[0-5分鐘]', '[Q行政大樓OR圖書館]', '[0-5分鐘]']","['[EE綜合教學大樓]', '[0-5分鐘]', '[EE綜合教學大樓]', '[0-5分鐘]']","['[EE綜合教學大樓]', '[0-5分鐘]', '[EE綜合教學大樓]', '[0-5分鐘]']","['[Q行政大樓OR圖書館]', '[0-5分鐘]', '[Q行政大樓OR圖書館]', '[0-5分鐘]']","['[Q行政大樓OR圖書館]', '[0-5分鐘]', '[Q行政大樓OR圖書館]', '[0-5分鐘]']",資訊學院
382,1,"['[Q行政大樓OR圖書館]', '[0-5分鐘]', '[一餐]', '[0-5分鐘]']","['[S資訊管理大樓]', '[0-5分鐘]', '[一餐]', '[0-5分鐘]']","['[CC資訊網路大樓]', '[0-5分鐘]', '[CC資訊網路大樓]', '[0-5分鐘]']","['[S資訊管理大樓]', '[0-5分鐘]', '[體育一館]', '[0-5分鐘]']","['[Q行政大樓OR圖書館]', '[0-5分鐘]', '[一餐]', '[0-5分鐘]']",資訊學院
383,2,"['[不在學校]', '[不在學校]', 'x', 'x']","['[不在學校]', '[不在學校]', 'x', 'x']","['[Q行政大樓OR圖書館]', '[0-5分鐘]', '[不在學校]', 'x']","['[不在學校]', '[不在學校]', 'x', 'x']","['[不在學校]', '[不在學校]', 'x', 'x']",資訊學院
384,0,"['[AA科技大樓]', '[5-10分鐘]', 'x', 'x']","['[BB社科大樓]', '[5-10分鐘]', 'x', 'x']","['[AA科技大樓]', '[5-10分鐘]', 'x', 'x']","['[AA科技大樓]', '[5-10分鐘]', 'x', 'x']","['[AA科技大樓]', '[5-10分鐘]', 'x', 'x']",資訊學院
385,1,"['[AA科技大樓]', '[5-10分鐘]', 'x', 'x']","['[AA科技大樓]', '[5-10分鐘]', 'x', 'x']","['[S資訊管理大樓]', '[5-10分鐘]', 'x', 'x']","['[S資訊管理大樓]', '[5-10分鐘]', 'x', 'x']","['[AA科技大樓]', '[5-10分鐘]', 'x', 'x']",資訊學院
386,2,"['x', 'x', 'x', 'x']","['x', 'x', 'x', 'x']","['x', 'x', 'x', 'x']","['x', 'x', 'x', 'x']","['x', 'x', 'x', 'x']",資訊學院
